경우의 수,게임 기록,총보상,결과
1,일반 공격(성공: 1.00) / 일반 공격(성공: 15.50),16.5,승리
2,일반 공격(성공: 3.00) / 일반 공격(성공: 13.50),16.5,승리
3,일반 공격(성공: 1.49) / 일반 공격(성공: 3.00) / 일반 공격(성공: 11.50),15.99,승리
4,일반 공격(성공: 1.00) / 일반 공격(성공: 3.00) / 일반 공격(성공: 11.50),15.5,승리
5,일반 공격(성공: 1.06) / 틈새 공격(성공: -1.50) / 일반 공격(성공: 12.50),12.06,승리
6,틈새 공격(성공: 0.45) / 일반 공격(성공: -1.00) / 일반 공격(성공: 12.50),11.95,승리
7,틈새 공격(성공: 0.41) / 일반 공격(성공: 3.00) / 일반 공격(성공: 8.50),11.91,승리
8,틈새 공격(성공: 0.38) / 일반 공격(성공: 3.00) / 일반 공격(성공: 8.50),11.88,승리
9,틈새 공격(성공: 0.37) / 일반 공격(성공: 5.00) / 일반 공격(성공: 6.50),11.87,승리
10,일반 공격(성공: 1.44) / 일반 공격(성공: -1.00) / 일반 공격(성공: 10.50),10.94,승리
11,일반 공격(성공: 1.40) / 일반 공격(성공: 3.00) / 일반 공격(성공: 6.50),10.9,승리
12,일반 공격(성공: 1.39) / 일반 공격(성공: -1.00) / 일반 공격(성공: 10.50),10.89,승리
13,일반 공격(성공: 1.32) / 일반 공격(성공: 3.00) / 일반 공격(성공: 6.50),10.82,승리
14,일반 공격(성공: 1.30) / 일반 공격(성공: 3.00) / 일반 공격(성공: 6.50),10.8,승리
15,일반 공격(성공: 1.00) / 일반 공격(성공: -1.00) / 일반 공격(성공: 10.50),10.5,승리
16,일반 공격(성공: 1.00) / 일반 공격(성공: 3.00) / 일반 공격(성공: 6.50),10.5,승리
17,틈새 공격(성공: 0.37) / 일반 공격(성공: 1.33) / 일반 공격(성공: 5.50),7.2,승리
18,틈새 공격(성공: 0.50) / 일반 공격(성공: -1.00) / 일반 공격(성공: 7.50),7.0,승리
19,틈새 공격(성공: 0.38) / 일반 공격(성공: -1.00) / 일반 공격(성공: 7.50),6.88,승리
20,일반 공격(실패: -2.00) / 일반 공격(성공: 5.00) / 일반 공격(성공: 3.50),6.5,승리
21,일반 공격(성공: 1.39) / 일반 공격(성공: -1.00) / 틈새 공격(성공: -1.61) / 일반 공격(성공: 7.50),6.28,승리
22,틈새 공격(성공: 0.38) / 일반 공격(성공: -0.61) / 일반 공격(성공: -1.00) / 일반 공격(성공: 7.50),6.27,승리
23,일반 공격(성공: 1.00) / 틈새 공격(성공: -1.50) / 일반 공격(성공: -1.00) / 일반 공격(성공: 7.50),6.0,승리
24,틈새 공격(성공: 0.46) / 일반 공격(성공: -1.00) / 일반 공격(성공: 1.00) / 일반 공격(성공: 5.50),5.96,승리
25,일반 공격(성공: 1.45) / 일반 공격(성공: 1.00) / 일반 공격(성공: 3.50),5.95,승리
26,틈새 공격(성공: 0.45) / 일반 공격(성공: 3.00) / 일반 공격(성공: -1.00) / 일반 공격(성공: 3.50),5.95,승리
27,일반 공격(성공: 1.45) / 일반 공격(성공: -1.00) / 일반 공격(성공: 5.50),5.95,승리
28,틈새 공격(성공: 0.44) / 일반 공격(성공: 1.00) / 일반 공격(성공: -1.00) / 일반 공격(성공: 5.50),5.94,승리
29,틈새 공격(성공: 0.44) / 일반 공격(성공: -1.00) / 일반 공격(성공: 3.00) / 일반 공격(성공: 3.50),5.94,승리
30,틈새 공격(성공: 0.39) / 일반 공격(성공: 3.00) / 일반 공격(성공: -1.00) / 일반 공격(성공: 3.50),5.89,승리
31,틈새 공격(성공: 0.39) / 일반 공격(성공: 1.00) / 일반 공격(성공: -1.00) / 일반 공격(성공: 5.50),5.89,승리
32,일반 공격(성공: 1.39) / 일반 공격(성공: 1.00) / 일반 공격(성공: 3.50),5.89,승리
33,틈새 공격(성공: 0.38) / 일반 공격(성공: 1.00) / 일반 공격(성공: -1.00) / 일반 공격(성공: 5.50),5.88,승리
34,일반 공격(성공: 1.00) / 일반 공격(성공: -1.00) / 틈새 공격(성공: -1.62) / 일반 공격(성공: 7.50),5.88,승리
35,일반 공격(성공: 1.00) / 일반 공격(성공: -1.00) / 틈새 공격(성공: -1.65) / 일반 공격(성공: 7.50),5.85,승리
36,일반 공격(성공: 1.00) / 틈새 공격(성공: -1.66) / 일반 공격(성공: -1.00) / 일반 공격(성공: 7.50),5.84,승리
37,일반 공격(성공: 1.32) / 일반 공격(성공: -1.00) / 일반 공격(성공: 5.50),5.82,승리
38,일반 공격(성공: 1.00) / 틈새 공격(성공: -1.68) / 일반 공격(성공: 3.00) / 일반 공격(성공: 3.50),5.82,승리
39,일반 공격(성공: 1.32) / 일반 공격(성공: 1.00) / 일반 공격(성공: 3.50),5.82,승리
40,일반 공격(성공: 1.31) / 일반 공격(성공: -1.00) / 일반 공격(성공: 5.50),5.81,승리
41,일반 공격(성공: 1.31) / 일반 공격(성공: 1.00) / 일반 공격(성공: 3.50),5.81,승리
42,일반 공격(실패: 0.30) / 일반 공격(성공: 1.00) / 일반 공격(성공: -1.00) / 일반 공격(성공: 5.50),5.8,승리
43,일반 공격(성공: 1.00) / 틈새 공격(성공: -1.72) / 일반 공격(성공: 1.00) / 일반 공격(성공: 5.50),5.78,승리
44,일반 공격(성공: 1.26) / 일반 공격(성공: 1.00) / 일반 공격(성공: 3.50),5.76,승리
45,일반 공격(성공: 1.23) / 일반 공격(성공: 1.00) / 일반 공격(성공: 3.50),5.73,승리
46,일반 공격(성공: 3.21) / 일반 공격(성공: -1.00) / 일반 공격(성공: 3.50),5.71,승리
47,일반 공격(성공: 3.19) / 일반 공격(성공: -1.00) / 일반 공격(성공: 3.50),5.69,승리
48,일반 공격(성공: 1.09) / 일반 공격(성공: 1.00) / 일반 공격(성공: 3.50),5.59,승리
49,일반 공격(성공: 1.08) / 일반 공격(성공: 1.00) / 일반 공격(성공: 3.50),5.58,승리
50,일반 공격(성공: 1.07) / 일반 공격(성공: 1.00) / 일반 공격(성공: 3.50),5.57,승리
51,일반 공격(성공: 1.01) / 일반 공격(성공: -1.00) / 일반 공격(성공: 5.50),5.51,승리
52,일반 공격(성공: 1.00) / 일반 공격(성공: 1.00) / 일반 공격(성공: 3.50),5.5,승리
53,일반 공격(성공: 1.00) / 일반 공격(성공: -3.00) / 일반 공격(성공: 7.50),5.5,승리
54,일반 공격(성공: 1.00) / 일반 공격(성공: -1.00) / 일반 공격(성공: 5.50),5.5,승리
55,일반 공격(성공: 3.00) / 일반 공격(성공: -1.00) / 일반 공격(성공: 3.50),5.5,승리
56,일반 공격(성공: 1.38) / 일반 공격(성공: -0.64) / 일반 공격(성공: -1.00) / 일반 공격(성공: 5.50),5.24,승리
57,일반 공격(성공: 1.41) / 일반 공격(성공: -0.84) / 일반 공격(성공: -1.00) / 일반 공격(성공: 5.50),5.08,승리
58,틈새 공격(실패: -0.50) / 일반 공격(성공: 1.00) / 일반 공격(성공: -1.00) / 일반 공격(성공: 5.50),5.0,승리
59,일반 공격(성공: 1.47) / 일반 공격(성공: -1.00) / 일반 공격(성공: -1.00) / 일반 공격(성공: 5.50),4.97,승리
60,일반 공격(성공: 1.45) / 일반 공격(성공: -1.00) / 일반 공격(성공: -1.00) / 일반 공격(성공: 5.50),4.95,승리
61,일반 공격(성공: 1.44) / 일반 공격(성공: -1.00) / 일반 공격(성공: -1.00) / 일반 공격(성공: 5.50),4.94,승리
62,일반 공격(성공: 1.42) / 일반 공격(성공: -1.00) / 일반 공격(성공: -1.00) / 일반 공격(성공: 5.50),4.92,승리
63,일반 공격(성공: 1.39) / 일반 공격(성공: -1.00) / 일반 공격(성공: -1.00) / 일반 공격(성공: 5.50),4.89,승리
64,일반 공격(성공: 1.32) / 일반 공격(성공: -1.00) / 일반 공격(성공: -1.00) / 일반 공격(성공: 5.50),4.82,승리
65,일반 공격(성공: 1.30) / 일반 공격(성공: -1.00) / 일반 공격(성공: -1.00) / 일반 공격(성공: 5.50),4.8,승리
66,일반 공격(성공: 1.26) / 일반 공격(성공: -1.00) / 일반 공격(성공: -1.00) / 일반 공격(성공: 5.50),4.76,승리
67,일반 공격(성공: 1.00) / 일반 공격(성공: -0.74) / 일반 공격(성공: -1.00) / 일반 공격(성공: 5.50),4.76,승리
68,일반 공격(성공: 1.24) / 일반 공격(성공: -1.00) / 일반 공격(성공: -1.00) / 일반 공격(성공: 5.50),4.74,승리
69,일반 공격(성공: 1.00) / 일반 공격(성공: -0.85) / 일반 공격(성공: -1.00) / 일반 공격(성공: 5.50),4.65,승리
70,일반 공격(성공: 1.14) / 일반 공격(성공: -1.00) / 일반 공격(성공: -1.00) / 일반 공격(성공: 5.50),4.64,승리
71,일반 공격(성공: 1.00) / 일반 공격(성공: -0.88) / 일반 공격(성공: -1.00) / 일반 공격(성공: 5.50),4.62,승리
72,일반 공격(성공: 1.11) / 일반 공격(성공: -1.00) / 일반 공격(성공: -1.00) / 일반 공격(성공: 5.50),4.61,승리
73,일반 공격(성공: 1.08) / 일반 공격(성공: -1.00) / 일반 공격(성공: -1.00) / 일반 공격(성공: 5.50),4.58,승리
74,일반 공격(성공: 1.03) / 일반 공격(성공: -1.00) / 일반 공격(성공: -1.00) / 일반 공격(성공: 5.50),4.53,승리
75,일반 공격(성공: 1.00) / 일반 공격(성공: 1.00) / 일반 공격(성공: -1.00) / 일반 공격(성공: 3.50),4.5,승리
76,일반 공격(성공: 1.00) / 일반 공격(성공: -1.00) / 일반 공격(성공: -1.00) / 일반 공격(성공: 5.50),4.5,승리
77,틈새 공격(실패: -0.50) / 일반 공격(성공: -1.00) / 일반 공격(성공: 5.50),4.0,승리
78,일반 공격(성공: 1.00) / 틈새 공격(성공: 0.43) / 일반 공격(성공: -1.00) / 일반 공격(성공: 3.50),3.93,승리
79,일반 공격(성공: 1.00) / 틈새 공격(성공: 0.31) / 일반 공격(성공: -1.00) / 일반 공격(성공: 3.50),3.81,승리
80,일반 공격(성공: 1.00) / 틈새 공격(실패: -2.50) / 일반 공격(성공: -1.00) / 일반 공격(성공: 5.50),3.0,승리
81,틈새 공격(성공: 0.41) / 일반 공격(성공: 3.00) / 일반 공격(성공: -1.00),2.41,패배
82,일반 공격(성공: 1.24) / 틈새 공격(실패: -2.50) / 일반 공격(성공: 3.50),2.24,승리
83,일반 공격(성공: 1.00) / 일반 공격(성공: 1.00),2.0,패배
84,틈새 공격(성공: 0.49) / 일반 공격(성공: -1.00) / 일반 공격(성공: 2.50),1.99,승리
85,일반 공격(성공: 1.43) / 일반 공격(성공: -1.00) / 틈새 공격(성공: -1.57) / 틈새 공격(성공: -1.51) / 일반 공격(성공: 4.50),1.84,승리
86,틈새 공격(성공: 0.27) / 일반 공격(성공: 1.00) / 일반 공격(성공: 0.50),1.77,승리
87,일반 공격(성공: 1.00) / 틈새 공격(성공: -1.55) / 일반 공격(성공: -0.88) / 틈새 공격(성공: -1.51) / 일반 공격(성공: 4.50),1.57,승리
88,일반 공격(성공: 1.00) / 일반 공격(성공: 0.50),1.5,승리
89,일반 공격(성공: 1.00) / 일반 공격(성공: -1.00) / 틈새 공격(성공: -1.53) / 틈새 공격(성공: -1.51) / 일반 공격(성공: 4.50),1.46,승리
90,일반 공격(성공: 1.00) / 틈새 공격(성공: -1.52) / 일반 공격(성공: -1.00) / 틈새 공격(성공: -1.53) / 일반 공격(성공: 4.50),1.45,승리
91,일반 공격(성공: 1.00) / 틈새 공격(성공: -1.50) / 일반 공격(성공: -1.00) / 틈새 공격(성공: -1.56) / 일반 공격(성공: 4.50),1.43,승리
92,일반 공격(성공: 1.00) / 틈새 공격(성공: -1.55) / 일반 공격(성공: -1.00) / 틈새 공격(성공: -1.52) / 일반 공격(성공: 4.50),1.43,승리
93,일반 공격(성공: 1.00) / 일반 공격(성공: -1.00) / 틈새 공격(성공: -1.52) / 틈새 공격(성공: -1.55) / 일반 공격(성공: 4.50),1.43,승리
94,틈새 공격(성공: 0.42) / 일반 공격(성공: 3.00) / 일반 공격(실패: -2.00),1.42,패배
95,일반 공격(성공: 1.00) / 일반 공격(성공: -1.00) / 틈새 공격(성공: -1.55) / 틈새 공격(성공: -1.53) / 일반 공격(성공: 4.50),1.42,승리
96,일반 공격(성공: 1.00) / 일반 공격(성공: -1.00) / 틈새 공격(성공: -1.54) / 틈새 공격(성공: -1.53) / 일반 공격(성공: 4.50),1.42,승리
97,일반 공격(성공: 1.00) / 일반 공격(성공: -1.00) / 틈새 공격(성공: -1.55) / 틈새 공격(성공: -1.55) / 일반 공격(성공: 4.50),1.41,승리
98,일반 공격(성공: 1.00) / 틈새 공격(성공: -1.53) / 일반 공격(성공: -1.00) / 틈새 공격(성공: -1.57) / 일반 공격(성공: 4.50),1.4,승리
99,일반 공격(성공: 1.00) / 일반 공격(성공: -1.00) / 틈새 공격(성공: -1.59) / 틈새 공격(성공: -1.51) / 일반 공격(성공: 4.50),1.39,승리
100,틈새 공격(성공: 0.49) / 일반 공격(성공: -1.00) / 일반 공격(성공: -1.00) / 틈새 공격(성공: -1.61) / 일반 공격(성공: 4.50),1.38,승리
101,틈새 공격(성공: 0.47) / 일반 공격(성공: -1.00) / 일반 공격(성공: -1.00) / 틈새 공격(성공: -1.59) / 일반 공격(성공: 4.50),1.38,승리
102,일반 공격(성공: 1.00) / 틈새 공격(성공: -1.54) / 일반 공격(성공: -1.00) / 틈새 공격(성공: -1.59) / 일반 공격(성공: 4.50),1.38,승리
103,틈새 공격(성공: 0.38) / 일반 공격(성공: -1.00) / 일반 공격(성공: -1.00) / 틈새 공격(성공: -1.51) / 일반 공격(성공: 4.50),1.36,승리
104,일반 공격(성공: 1.41) / 틈새 공격(성공: -1.55) / 일반 공격(성공: -1.00) / 일반 공격(성공: 2.50),1.36,승리
105,일반 공격(성공: 1.00) / 일반 공격(성공: -1.00) / 틈새 공격(성공: -1.53) / 틈새 공격(성공: -1.61) / 일반 공격(성공: 4.50),1.36,승리
106,일반 공격(성공: 1.00) / 틈새 공격(성공: -1.53) / 일반 공격(성공: -1.00) / 틈새 공격(성공: -1.62) / 일반 공격(성공: 4.50),1.36,승리
107,일반 공격(성공: 1.00) / 일반 공격(성공: -1.00) / 틈새 공격(성공: -1.62) / 틈새 공격(성공: -1.54) / 일반 공격(성공: 4.50),1.35,승리
108,틈새 공격(성공: 0.39) / 일반 공격(성공: -1.00) / 일반 공격(성공: -1.00) / 틈새 공격(성공: -1.54) / 일반 공격(성공: 4.50),1.35,승리
109,일반 공격(성공: 1.00) / 일반 공격(성공: -1.00) / 틈새 공격(성공: -1.67) / 틈새 공격(성공: -1.50) / 일반 공격(성공: 4.50),1.33,승리
110,일반 공격(성공: 1.00) / 일반 공격(성공: -1.00) / 틈새 공격(성공: -1.64) / 틈새 공격(성공: -1.55) / 일반 공격(성공: 4.50),1.31,승리
111,일반 공격(성공: 1.00) / 틈새 공격(성공: -1.69) / 일반 공격(성공: -1.00) / 틈새 공격(성공: -1.51) / 일반 공격(성공: 4.50),1.31,승리
112,틈새 공격(성공: 0.37) / 일반 공격(성공: -1.00) / 일반 공격(성공: -1.00) / 틈새 공격(성공: -1.57) / 일반 공격(성공: 4.50),1.31,승리
113,일반 공격(성공: 1.36) / 일반 공격(성공: -1.00) / 틈새 공격(성공: -1.57) / 일반 공격(성공: 2.50),1.3,승리
114,일반 공격(성공: 1.43) / 일반 공격(성공: -3.00) / 틈새 공격(성공: -1.68) / 일반 공격(성공: 4.50),1.25,승리
115,일반 공격(성공: 1.16) / 일반 공격(성공: -3.00) / 틈새 공격(성공: -1.56) / 일반 공격(성공: 4.50),1.09,승리
116,일반 공격(실패: 0.15) / 일반 공격(성공: -1.00) / 일반 공격(성공: -1.00) / 틈새 공격(성공: -1.62) / 일반 공격(성공: 4.50),1.03,승리
117,틈새 공격(성공: 0.49) / 일반 공격(성공: -1.00) / 일반 공격(성공: -1.00) / 일반 공격(성공: 2.50),0.99,승리
118,일반 공격(성공: 1.00) / 일반 공격(성공: -3.00) / 틈새 공격(성공: -1.51) / 일반 공격(성공: 4.50),0.99,승리
119,일반 공격(성공: -1.00) / 일반 공격(성공: -1.00) / 틈새 공격(성공: -1.52) / 일반 공격(성공: 4.50),0.98,승리
120,일반 공격(성공: 1.00) / 틈새 공격(성공: -1.52) / 일반 공격(성공: 1.00) / 일반 공격(성공: 0.50),0.98,승리
121,일반 공격(실패: -2.00) / 일반 공격(성공: -1.00) / 일반 공격(성공: -0.52) / 일반 공격(성공: 4.50),0.98,승리
122,일반 공격(성공: 1.00) / 일반 공격(성공: -3.00) / 틈새 공격(성공: -1.52) / 일반 공격(성공: 4.50),0.98,승리
123,일반 공격(성공: 1.00) / 일반 공격(성공: -1.00) / 틈새 공격(성공: -3.52) / 일반 공격(성공: 4.50),0.98,승리
124,일반 공격(성공: 1.00) / 일반 공격(성공: -3.00) / 틈새 공격(성공: -1.53) / 일반 공격(성공: 4.50),0.97,승리
125,일반 공격(성공: -1.00) / 일반 공격(성공: -1.00) / 틈새 공격(성공: -1.54) / 일반 공격(성공: 4.50),0.96,승리
126,일반 공격(성공: 1.45) / 일반 공격(성공: -5.00) / 일반 공격(성공: 4.50),0.95,승리
127,일반 공격(성공: -1.00) / 일반 공격(성공: -1.00) / 틈새 공격(성공: -1.56) / 일반 공격(성공: 4.50),0.94,승리
128,일반 공격(성공: 1.00) / 일반 공격(성공: -3.00) / 틈새 공격(성공: -1.56) / 일반 공격(성공: 4.50),0.94,승리
129,일반 공격(성공: 1.00) / 틈새 공격(성공: -1.57) / 일반 공격(성공: 1.00) / 일반 공격(성공: 0.50),0.93,승리
130,일반 공격(성공: 1.00) / 일반 공격(성공: -3.00) / 틈새 공격(성공: -1.57) / 일반 공격(성공: 4.50),0.93,승리
131,일반 공격(성공: 1.00) / 일반 공격(성공: -1.00) / 틈새 공격(성공: -3.57) / 일반 공격(성공: 4.50),0.93,승리
132,일반 공격(성공: 3.00) / 틈새 공격(성공: -1.59) / 일반 공격(성공: -1.00) / 일반 공격(성공: 0.50),0.91,승리
133,일반 공격(성공: 1.00) / 일반 공격(성공: -1.00) / 틈새 공격(성공: -3.59) / 일반 공격(성공: 4.50),0.91,승리
134,일반 공격(성공: -1.00) / 일반 공격(성공: -1.00) / 틈새 공격(성공: -1.59) / 일반 공격(성공: 4.50),0.91,승리
135,틈새 공격(성공: 0.41) / 일반 공격(성공: 1.00) / 일반 공격(성공: -1.00) / 일반 공격(성공: 0.50),0.91,승리
136,일반 공격(성공: 1.00) / 틈새 공격(성공: -1.59) / 일반 공격(성공: -1.00) / 일반 공격(성공: 2.50),0.91,승리
137,틈새 공격(성공: 0.40) / 일반 공격(성공: -1.00) / 일반 공격(성공: -1.00) / 일반 공격(성공: 2.50),0.9,승리
138,일반 공격(성공: -1.00) / 일반 공격(성공: -1.00) / 틈새 공격(성공: -1.60) / 일반 공격(성공: 4.50),0.9,승리
139,일반 공격(성공: 1.00) / 일반 공격(성공: -3.00) / 틈새 공격(성공: -1.61) / 일반 공격(성공: 4.50),0.89,승리
140,일반 공격(성공: 1.00) / 일반 공격(성공: -1.00) / 틈새 공격(성공: -3.61) / 일반 공격(성공: 4.50),0.89,승리
141,일반 공격(성공: 3.00) / 틈새 공격(성공: -1.61) / 일반 공격(성공: -1.00) / 일반 공격(성공: 0.50),0.89,승리
142,일반 공격(성공: -1.00) / 일반 공격(성공: -1.00) / 틈새 공격(성공: -1.63) / 일반 공격(성공: 4.50),0.87,승리
143,일반 공격(성공: 1.00) / 일반 공격(성공: -3.00) / 틈새 공격(성공: -1.63) / 일반 공격(성공: 4.50),0.87,승리
144,틈새 공격(성공: 0.37) / 일반 공격(성공: -1.00) / 일반 공격(성공: -1.00) / 일반 공격(성공: 2.50),0.87,승리
145,일반 공격(성공: 1.00) / 일반 공격(실패: -1.63) / 일반 공격(성공: 1.00) / 일반 공격(성공: 0.50),0.87,승리
146,일반 공격(성공: 3.00) / 틈새 공격(성공: -1.64) / 일반 공격(성공: -1.00) / 일반 공격(성공: 0.50),0.86,승리
147,일반 공격(성공: -1.00) / 일반 공격(성공: -1.00) / 틈새 공격(성공: -1.64) / 일반 공격(성공: 4.50),0.86,승리
148,틈새 공격(성공: 0.35) / 일반 공격(성공: -1.00) / 일반 공격(성공: -1.00) / 일반 공격(성공: 2.50),0.85,승리
149,일반 공격(성공: -1.00) / 일반 공격(성공: -1.00) / 틈새 공격(성공: -1.65) / 일반 공격(성공: 4.50),0.85,승리
150,일반 공격(성공: -1.00) / 일반 공격(성공: -1.00) / 틈새 공격(성공: -1.66) / 일반 공격(성공: 4.50),0.84,승리
151,일반 공격(성공: 1.00) / 틈새 공격(성공: -1.66) / 일반 공격(성공: 1.00) / 일반 공격(성공: 0.50),0.84,승리
152,일반 공격(성공: 1.00) / 일반 공격(성공: -3.00) / 틈새 공격(성공: -1.67) / 일반 공격(성공: 4.50),0.83,승리
153,일반 공격(성공: 1.00) / 일반 공격(성공: -3.00) / 틈새 공격(성공: -1.68) / 일반 공격(성공: 4.50),0.82,승리
154,일반 공격(성공: -1.00) / 일반 공격(성공: -1.00) / 틈새 공격(성공: -1.73) / 일반 공격(성공: 4.50),0.77,승리
155,일반 공격(성공: 1.00) / 틈새 공격(성공: -1.75) / 일반 공격(성공: -1.00) / 일반 공격(성공: 2.50),0.75,승리
156,틈새 공격(성공: 0.22) / 일반 공격(성공: -1.00) / 일반 공격(성공: 1.00) / 일반 공격(성공: 0.50),0.72,승리
157,일반 공격(성공: 1.10) / 일반 공격(성공: -1.00) / 일반 공격(성공: 0.50),0.6,승리
158,일반 공격(성공: 1.00) / 일반 공격(성공: -1.00) / 일반 공격(성공: 0.50),0.5,승리
159,일반 공격(성공: 1.00) / 일반 공격(성공: -3.00) / 일반 공격(성공: 2.50),0.5,승리
160,일반 공격(실패: 0.00) / 일반 공격(성공: -1.00) / 일반 공격(성공: 1.00) / 일반 공격(성공: 0.50),0.5,승리
161,일반 공격(성공: 1.00) / 일반 공격(성공: 1.00) / 일반 공격(성공: -1.50),0.5,승리
162,일반 공격(성공: 3.00) / 일반 공격(실패: -2.00) / 일반 공격(성공: -1.00) / 일반 공격(성공: 0.50),0.5,승리
163,일반 공격(성공: 3.00) / 일반 공격(성공: -1.00) / 일반 공격(성공: -1.50),0.5,승리
164,일반 공격(성공: 3.00) / 일반 공격(성공: -3.00) / 일반 공격(성공: 0.50),0.5,승리
165,일반 공격(성공: 1.00) / 일반 공격(실패: -4.00) / 일반 공격(성공: -1.00) / 일반 공격(성공: 4.50),0.5,승리
166,일반 공격(성공: 1.00) / 틈새 공격(성공: 0.49) / 일반 공격(성공: -1.00),0.49,패배
167,일반 공격(성공: 1.00) / 일반 공격(성공: -0.50) / 일반 공격(성공: -1.00) / 일반 공격(성공: 0.50),-0.0,승리
168,일반 공격(성공: 1.00) / 일반 공격(성공: -1.00),0.0,패배
169,일반 공격(성공: 1.49) / 일반 공격(성공: -1.00) / 일반 공격(성공: -1.00) / 일반 공격(성공: 0.50),-0.01,승리
170,일반 공격(성공: 1.47) / 일반 공격(성공: -1.00) / 일반 공격(성공: -1.00) / 일반 공격(성공: 0.50),-0.03,승리
171,일반 공격(성공: 1.45) / 일반 공격(성공: -1.00) / 일반 공격(성공: -1.00) / 일반 공격(성공: 0.50),-0.05,승리
172,일반 공격(성공: 1.00) / 일반 공격(성공: -0.56) / 일반 공격(성공: -1.00) / 일반 공격(성공: 0.50),-0.06,승리
173,일반 공격(성공: 1.43) / 일반 공격(성공: -1.00) / 일반 공격(성공: -1.00) / 일반 공격(성공: 0.50),-0.07,승리
174,일반 공격(성공: 1.00) / 일반 공격(성공: -0.59) / 일반 공격(성공: -1.00) / 일반 공격(성공: 0.50),-0.09,승리
175,일반 공격(성공: 1.41) / 일반 공격(성공: -1.00) / 일반 공격(성공: -1.00) / 일반 공격(성공: 0.50),-0.09,승리
176,일반 공격(성공: 1.39) / 일반 공격(성공: -1.00) / 일반 공격(성공: -1.00) / 일반 공격(성공: 0.50),-0.11,승리
177,일반 공격(성공: 1.38) / 일반 공격(성공: -1.00) / 일반 공격(성공: -1.00) / 일반 공격(성공: 0.50),-0.12,승리
178,일반 공격(성공: 1.34) / 일반 공격(성공: -1.00) / 일반 공격(성공: -1.00) / 일반 공격(성공: 0.50),-0.16,승리
179,일반 공격(성공: 1.33) / 일반 공격(성공: -1.00) / 일반 공격(성공: -1.00) / 일반 공격(성공: 0.50),-0.17,승리
180,일반 공격(성공: 1.00) / 일반 공격(성공: -0.68) / 일반 공격(성공: -1.00) / 일반 공격(성공: 0.50),-0.18,승리
181,일반 공격(성공: 1.31) / 일반 공격(성공: -3.00) / 일반 공격(성공: 1.00) / 일반 공격(성공: 0.50),-0.19,승리
182,일반 공격(성공: 1.00) / 일반 공격(성공: -0.74) / 일반 공격(성공: -1.00) / 일반 공격(성공: 0.50),-0.24,승리
183,일반 공격(성공: 1.00) / 일반 공격(성공: -0.75) / 일반 공격(성공: -1.00) / 일반 공격(성공: 0.50),-0.25,승리
184,일반 공격(성공: 1.25) / 일반 공격(성공: -1.00) / 일반 공격(성공: -1.00) / 일반 공격(성공: 0.50),-0.25,승리
185,일반 공격(성공: 1.24) / 일반 공격(성공: -1.00) / 일반 공격(성공: -1.00) / 일반 공격(성공: 0.50),-0.26,승리
186,일반 공격(성공: 1.23) / 일반 공격(성공: -1.00) / 일반 공격(성공: -1.00) / 일반 공격(성공: 0.50),-0.27,승리
187,일반 공격(성공: 1.20) / 일반 공격(성공: -1.00) / 일반 공격(성공: -1.00) / 일반 공격(성공: 0.50),-0.3,승리
188,일반 공격(성공: 1.00) / 일반 공격(성공: -0.81) / 일반 공격(성공: -1.00) / 일반 공격(성공: 0.50),-0.31,승리
189,일반 공격(성공: 1.19) / 일반 공격(성공: -1.00) / 일반 공격(성공: -1.00) / 일반 공격(성공: 0.50),-0.31,승리
190,일반 공격(성공: 1.17) / 일반 공격(성공: -1.00) / 일반 공격(성공: -1.00) / 일반 공격(성공: 0.50),-0.33,승리
191,일반 공격(성공: 1.14) / 일반 공격(성공: -1.00) / 일반 공격(성공: -1.00) / 일반 공격(성공: 0.50),-0.36,승리
192,일반 공격(성공: 1.00) / 일반 공격(성공: -0.87) / 일반 공격(성공: -1.00) / 일반 공격(성공: 0.50),-0.37,승리
193,일반 공격(성공: 1.00) / 일반 공격(성공: -0.90) / 일반 공격(성공: -1.00) / 일반 공격(성공: 0.50),-0.4,승리
194,일반 공격(성공: 1.09) / 일반 공격(성공: -1.00) / 일반 공격(성공: -1.00) / 일반 공격(성공: 0.50),-0.41,승리
195,일반 공격(성공: 1.06) / 일반 공격(성공: -1.00) / 일반 공격(성공: -1.00) / 일반 공격(성공: 0.50),-0.44,승리
196,일반 공격(성공: 1.05) / 일반 공격(성공: -1.00) / 일반 공격(성공: -1.00) / 일반 공격(성공: 0.50),-0.45,승리
197,일반 공격(성공: 1.04) / 일반 공격(성공: -1.00) / 일반 공격(성공: -1.00) / 일반 공격(성공: 0.50),-0.46,승리
198,일반 공격(성공: 1.02) / 일반 공격(성공: -1.00) / 일반 공격(성공: -1.00) / 일반 공격(성공: 0.50),-0.48,승리
199,일반 공격(성공: 1.00) / 일반 공격(성공: -0.99) / 일반 공격(성공: -1.00) / 일반 공격(성공: 0.50),-0.49,승리
200,일반 공격(성공: 1.01) / 일반 공격(성공: -1.00) / 일반 공격(성공: -1.00) / 일반 공격(성공: 0.50),-0.49,승리
201,일반 공격(성공: 1.00) / 일반 공격(성공: -1.00) / 일반 공격(성공: -1.00) / 일반 공격(성공: 0.50),-0.5,승리
202,틈새 공격(성공: 0.47) / 일반 공격(성공: -1.00) / 일반 공격(성공: -1.00),-1.53,패배
203,일반 공격(성공: 1.00) / 일반 공격(성공: -1.00) / 틈새 공격(성공: -1.63),-1.63,패배
204,틈새 공격(실패: -0.50) / 일반 공격(성공: -1.00) / 일반 공격(성공: -1.00) / 일반 공격(성공: 0.50),-2.0,승리
205,일반 공격(성공: -1.00) / 일반 공격(성공: -1.00),-2.0,패배
206,일반 공격(성공: 1.00) / 일반 공격(성공: -3.00) / 틈새 공격(실패: -1.00),-3.0,승리
207,틈새 공격(성공: 0.02) / 틈새 공격(성공: -1.56) / 일반 공격(성공: -1.00) / 일반 공격(성공: -1.00),-3.54,패배
208,일반 공격(성공: 1.00) / 틈새 공격(성공: -1.54) / 일반 공격(성공: 3.00) / 일반 공격(실패: -7.50),-5.04,패배
209,일반 공격(성공: 1.00) / 일반 공격(실패: -4.00) / 틈새 공격(성공: -1.64) / 일반 공격(성공: -0.50),-5.14,패배
210,일반 공격(성공: 1.49) / 틈새 공격(성공: -1.50) / 일반 공격(성공: -1.00) / 일반 공격(성공: -4.50),-5.52,패배
211,일반 공격(성공: 1.00) / 틈새 공격(성공: -1.50) / 일반 공격(성공: -0.92) / 일반 공격(성공: -4.50),-5.92,패배
212,틈새 공격(성공: 0.49) / 일반 공격(성공: -1.00) / 일반 공격(성공: -1.00) / 일반 공격(성공: -4.50),-6.01,패배
213,일반 공격(성공: 1.00) / 틈새 공격(성공: -1.52) / 일반 공격(성공: -1.00) / 일반 공격(성공: -4.50),-6.02,패배
214,일반 공격(성공: 1.00) / 틈새 공격(성공: -1.53) / 일반 공격(성공: -1.00) / 일반 공격(성공: -4.50),-6.03,패배
215,일반 공격(성공: 1.41) / 일반 공격(성공: -1.00) / 일반 공격(성공: -1.00) / 일반 공격(실패: -5.50),-6.09,패배
216,틈새 공격(성공: 0.39) / 일반 공격(성공: -1.00) / 일반 공격(성공: -1.00) / 일반 공격(성공: -4.50),-6.11,패배
217,틈새 공격(성공: 0.38) / 일반 공격(성공: -1.00) / 일반 공격(성공: -1.00) / 일반 공격(성공: -4.50),-6.12,패배
218,틈새 공격(성공: 0.37) / 틈새 공격(성공: -1.51) / 일반 공격(성공: 1.00) / 일반 공격(성공: -6.00),-6.13,패배
219,일반 공격(성공: 1.00) / 틈새 공격(성공: -1.65) / 일반 공격(성공: -1.00) / 일반 공격(성공: -4.50),-6.15,패배
220,일반 공격(성공: 3.35) / 틈새 공격(성공: -1.57) / 일반 공격(성공: -1.00) / 일반 공격(실패: -7.00),-6.21,패배
221,틈새 공격(성공: 0.40) / 일반 공격(성공: -1.00) / 틈새 공격(성공: -1.61) / 일반 공격(성공: 3.00) / 일반 공격(실패: -7.00),-6.21,패배
222,틈새 공격(성공: 0.29) / 틈새 공격(성공: -1.52) / 일반 공격(성공: 1.00) / 일반 공격(성공: -6.00),-6.23,패배
223,일반 공격(성공: 1.00) / 틈새 공격(성공: -1.76) / 일반 공격(성공: -1.00) / 일반 공격(성공: -4.50),-6.26,패배
224,일반 공격(성공: 1.35) / 일반 공격(성공: -1.00) / 틈새 공격(성공: -6.61),-6.26,패배
225,일반 공격(성공: 1.21) / 일반 공격(성공: -3.00) / 일반 공격(성공: -4.50),-6.29,패배
226,일반 공격(성공: 1.00) / 일반 공격(성공: -1.00) / 일반 공격(성공: -1.00) / 일반 공격(실패: -5.50),-6.5,패배
227,일반 공격(성공: -1.00) / 일반 공격(성공: -1.00) / 일반 공격(성공: -4.50),-6.5,패배
228,일반 공격(성공: 1.00) / 일반 공격(성공: -3.00) / 일반 공격(성공: -4.50),-6.5,패배
229,일반 공격(성공: 1.00) / 틈새 공격(성공: -1.50) / 일반 공격(성공: 1.00) / 일반 공격(실패: -7.00),-6.5,패배
230,일반 공격(성공: 1.00) / 일반 공격(성공: -1.00) / 일반 공격(성공: -6.50),-6.5,패배
231,일반 공격(성공: 1.00) / 일반 공격(성공: 1.00) / 일반 공격(실패: -4.00) / 일반 공격(성공: -4.50),-6.5,패배
232,틈새 공격(성공: 0.49) / 일반 공격(성공: 1.00) / 일반 공격(성공: -1.00) / 일반 공격(실패: -7.00),-6.51,패배
233,일반 공격(성공: 3.00) / 틈새 공격(성공: -1.51) / 일반 공격(성공: -1.00) / 일반 공격(실패: -7.00),-6.51,패배
234,일반 공격(실패: 0.11) / 일반 공격(성공: 1.00) / 틈새 공격(성공: -1.61) / 일반 공격(성공: -6.00),-6.51,패배
235,일반 공격(실패: -2.00) / 일반 공격(성공: 3.00) / 틈새 공격(성공: -1.52) / 일반 공격(성공: -6.00),-6.52,패배
236,틈새 공격(성공: 0.38) / 일반 공격(성공: -0.91) / 일반 공격(성공: 1.00) / 일반 공격(실패: -7.00),-6.53,패배
237,일반 공격(성공: 1.00) / 일반 공격(실패: -1.53) / 일반 공격(성공: 1.00) / 일반 공격(실패: -7.00),-6.53,패배
238,일반 공격(성공: 1.00) / 틈새 공격(성공: -1.54) / 일반 공격(성공: 1.00) / 일반 공격(실패: -7.00),-6.54,패배
239,틈새 공격(성공: 0.46) / 일반 공격(성공: 1.00) / 일반 공격(성공: -1.00) / 일반 공격(실패: -7.00),-6.54,패배
240,틈새 공격(성공: 0.43) / 일반 공격(성공: 1.00) / 일반 공격(성공: -1.00) / 일반 공격(실패: -7.00),-6.57,패배
241,틈새 공격(성공: 0.42) / 일반 공격(성공: 1.00) / 일반 공격(성공: -8.00),-6.58,패배
242,틈새 공격(성공: 0.42) / 일반 공격(성공: 1.00) / 일반 공격(성공: -1.00) / 일반 공격(실패: -7.00),-6.58,패배
243,틈새 공격(성공: 0.41) / 일반 공격(성공: 1.00) / 일반 공격(성공: -1.00) / 일반 공격(실패: -7.00),-6.59,패배
244,틈새 공격(성공: 0.40) / 일반 공격(성공: 1.00) / 일반 공격(성공: -1.00) / 일반 공격(실패: -7.00),-6.6,패배
245,틈새 공격(성공: 0.39) / 일반 공격(성공: -1.00) / 일반 공격(성공: 1.00) / 일반 공격(실패: -7.00),-6.61,패배
246,틈새 공격(성공: 0.38) / 일반 공격(성공: -1.00) / 일반 공격(성공: 1.00) / 일반 공격(실패: -7.00),-6.62,패배
247,틈새 공격(성공: 0.38) / 일반 공격(성공: 1.00) / 일반 공격(성공: -1.00) / 일반 공격(실패: -7.00),-6.62,패배
248,일반 공격(성공: -1.00) / 틈새 공격(성공: -1.66) / 일반 공격(성공: 3.00) / 일반 공격(실패: -7.00),-6.66,패배
249,일반 공격(실패: -1.74) / 일반 공격(성공: 1.00) / 일반 공격(성공: -6.00),-6.74,패배
250,일반 공격(성공: 1.14) / 일반 공격(성공: 3.00) / 일반 공격(실패: -4.00) / 일반 공격(실패: -7.00),-6.86,패배
251,일반 공격(성공: 3.00) / 일반 공격(성공: -1.00) / 일반 공격(실패: -9.00),-7.0,패배
252,일반 공격(실패: -2.00) / 일반 공격(성공: 1.00) / 일반 공격(성공: -6.00),-7.0,패배
253,일반 공격(성공: 3.00) / 일반 공격(실패: -4.00) / 일반 공격(성공: -6.00),-7.0,패배
254,일반 공격(성공: 1.00) / 일반 공격(성공: -8.00),-7.0,패배
255,일반 공격(성공: 1.00) / 일반 공격(실패: -4.00) / 일반 공격(성공: -4.00),-7.0,패배
256,일반 공격(성공: 3.00) / 일반 공격(성공: -3.00) / 일반 공격(실패: -7.00),-7.0,패배
257,일반 공격(성공: 1.00) / 일반 공격(성공: 1.00) / 일반 공격(실패: -9.00),-7.0,패배
258,일반 공격(성공: 1.00) / 일반 공격(성공: -1.00) / 일반 공격(실패: -7.00),-7.0,패배
259,일반 공격(성공: 3.00) / 일반 공격(실패: -2.00) / 일반 공격(성공: -1.00) / 일반 공격(실패: -7.00),-7.0,패배
260,일반 공격(실패: 0.00) / 일반 공격(성공: -3.00) / 일반 공격(성공: -4.00),-7.0,패배
261,일반 공격(성공: 1.00) / 일반 공격(실패: -2.00) / 일반 공격(성공: 1.00) / 일반 공격(실패: -7.00),-7.0,패배
262,일반 공격(성공: -1.00) / 일반 공격(성공: 1.00) / 일반 공격(실패: -7.00),-7.0,패배
263,일반 공격(성공: 1.00) / 일반 공격(성공: 3.00) / 일반 공격(실패: -4.00) / 일반 공격(실패: -7.00),-7.0,패배
264,일반 공격(성공: 1.49) / 틈새 공격(성공: -1.52) / 일반 공격(성공: -1.00) / 일반 공격(성공: -6.00),-7.04,패배
265,틈새 공격(성공: 0.49) / 일반 공격(성공: -0.55) / 일반 공격(성공: -1.00) / 일반 공격(성공: -6.00),-7.06,패배
266,일반 공격(성공: 1.46) / 틈새 공격(성공: -1.52) / 일반 공격(성공: -1.00) / 일반 공격(성공: -6.00),-7.06,패배
267,일반 공격(성공: 1.43) / 틈새 공격(성공: -1.50) / 일반 공격(성공: -1.00) / 일반 공격(성공: -6.00),-7.07,패배
268,일반 공격(성공: 1.00) / 일반 공격(성공: 1.00) / 틈새 공격(성공: -1.55) / 틈새 공격(성공: -1.52) / 일반 공격(성공: -6.00),-7.07,패배
269,일반 공격(성공: 1.46) / 틈새 공격(성공: -1.54) / 일반 공격(성공: -1.00) / 일반 공격(성공: -6.00),-7.08,패배
270,틈새 공격(성공: 0.48) / 일반 공격(성공: -0.57) / 일반 공격(성공: -1.00) / 일반 공격(성공: -6.00),-7.09,패배
271,일반 공격(성공: 1.42) / 틈새 공격(성공: -1.51) / 일반 공격(성공: -1.00) / 일반 공격(성공: -6.00),-7.09,패배
272,일반 공격(성공: 1.00) / 틈새 공격(성공: -1.53) / 일반 공격(성공: -0.57) / 일반 공격(성공: -6.00),-7.1,패배
273,일반 공격(성공: 1.43) / 틈새 공격(성공: -1.53) / 일반 공격(성공: -1.00) / 일반 공격(성공: -6.00),-7.1,패배
274,일반 공격(성공: 1.44) / 틈새 공격(성공: -1.55) / 일반 공격(성공: -1.00) / 일반 공격(성공: -6.00),-7.11,패배
275,일반 공격(성공: 1.40) / 일반 공격(성공: -1.00) / 틈새 공격(성공: -1.51) / 일반 공격(성공: -6.00),-7.11,패배
276,일반 공격(성공: 1.44) / 틈새 공격(성공: -1.60) / 일반 공격(성공: -1.00) / 일반 공격(성공: -6.00),-7.16,패배
277,일반 공격(성공: 1.34) / 일반 공격(성공: -1.00) / 틈새 공격(성공: -1.52) / 일반 공격(성공: -6.00),-7.18,패배
278,틈새 공격(성공: 0.43) / 일반 공격(성공: -1.00) / 일반 공격(성공: -0.61) / 일반 공격(성공: -6.00),-7.19,패배
279,일반 공격(성공: 1.45) / 일반 공격(성공: -1.00) / 틈새 공격(성공: -1.63) / 일반 공격(성공: -6.00),-7.19,패배
280,틈새 공격(성공: 0.39) / 일반 공격(성공: -0.58) / 일반 공격(성공: -1.00) / 일반 공격(성공: -6.00),-7.19,패배
281,일반 공격(성공: 1.33) / 일반 공격(성공: -1.00) / 틈새 공격(성공: -1.54) / 일반 공격(성공: -6.00),-7.21,패배
282,일반 공격(성공: 1.33) / 틈새 공격(성공: -1.54) / 일반 공격(성공: -1.00) / 일반 공격(성공: -6.00),-7.22,패배
283,일반 공격(성공: 1.29) / 일반 공격(성공: -1.00) / 틈새 공격(성공: -1.52) / 일반 공격(성공: -6.00),-7.23,패배
284,일반 공격(성공: 1.45) / 틈새 공격(성공: -1.68) / 일반 공격(성공: -1.00) / 일반 공격(성공: -6.00),-7.23,패배
285,일반 공격(성공: 1.34) / 일반 공격(성공: -1.00) / 틈새 공격(성공: -1.60) / 일반 공격(성공: -6.00),-7.26,패배
286,일반 공격(성공: 1.26) / 틈새 공격(성공: -1.52) / 일반 공격(성공: -1.00) / 일반 공격(성공: -6.00),-7.26,패배
287,일반 공격(성공: 1.25) / 틈새 공격(성공: -1.52) / 일반 공격(성공: -1.00) / 일반 공격(성공: -6.00),-7.27,패배
288,일반 공격(성공: 1.25) / 일반 공격(성공: -1.00) / 틈새 공격(성공: -1.52) / 일반 공격(성공: -6.00),-7.27,패배
289,틈새 공격(성공: 0.39) / 일반 공격(성공: -0.68) / 일반 공격(성공: -1.00) / 일반 공격(성공: -6.00),-7.29,패배
290,일반 공격(성공: 1.22) / 틈새 공격(성공: -1.50) / 일반 공격(성공: -1.00) / 일반 공격(성공: -6.00),-7.29,패배
291,일반 공격(성공: 1.26) / 틈새 공격(성공: -1.56) / 일반 공격(성공: -1.00) / 일반 공격(성공: -6.00),-7.3,패배
292,틈새 공격(성공: 0.32) / 틈새 공격(성공: 0.38) / 일반 공격(성공: -1.00) / 일반 공격(성공: -1.00) / 일반 공격(성공: -6.00),-7.3,패배
293,일반 공격(성공: 1.22) / 일반 공격(성공: -1.00) / 틈새 공격(성공: -1.52) / 일반 공격(성공: -6.00),-7.3,패배
294,틈새 공격(성공: 0.49) / 일반 공격(성공: -0.80) / 일반 공격(성공: -1.00) / 일반 공격(성공: -6.00),-7.31,패배
295,일반 공격(성공: 1.21) / 틈새 공격(성공: -1.53) / 일반 공격(성공: -1.00) / 일반 공격(성공: -6.00),-7.32,패배
296,일반 공격(성공: 1.30) / 일반 공격(성공: -1.00) / 틈새 공격(성공: -1.62) / 일반 공격(성공: -6.00),-7.32,패배
297,일반 공격(성공: 1.28) / 일반 공격(성공: -1.00) / 틈새 공격(성공: -1.61) / 일반 공격(성공: -6.00),-7.33,패배
298,일반 공격(성공: 1.16) / 일반 공격(성공: -1.00) / 틈새 공격(성공: -1.50) / 일반 공격(성공: -6.00),-7.34,패배
299,틈새 공격(성공: 0.40) / 일반 공격(성공: -0.76) / 일반 공격(성공: -1.00) / 일반 공격(성공: -6.00),-7.36,패배
300,틈새 공격(성공: 0.44) / 일반 공격(성공: -0.81) / 일반 공격(성공: -1.00) / 일반 공격(성공: -6.00),-7.36,패배
301,일반 공격(성공: 1.25) / 일반 공격(성공: -1.00) / 틈새 공격(성공: -1.61) / 일반 공격(성공: -6.00),-7.37,패배
302,일반 공격(성공: 1.00) / 일반 공격(성공: -0.84) / 틈새 공격(성공: -1.55) / 일반 공격(성공: -6.00),-7.39,패배
303,틈새 공격(성공: 0.36) / 일반 공격(성공: -0.75) / 일반 공격(성공: -1.00) / 일반 공격(성공: -6.00),-7.39,패배
304,일반 공격(성공: 1.35) / 일반 공격(성공: -1.00) / 틈새 공격(성공: -1.75) / 일반 공격(성공: -6.00),-7.4,패배
305,틈새 공격(성공: 0.24) / 일반 공격(성공: -0.65) / 일반 공격(성공: -1.00) / 일반 공격(성공: -6.00),-7.41,패배
306,일반 공격(성공: 1.12) / 일반 공격(성공: -1.00) / 틈새 공격(성공: -1.53) / 일반 공격(성공: -6.00),-7.41,패배
307,일반 공격(성공: 1.10) / 일반 공격(성공: -1.00) / 틈새 공격(성공: -1.53) / 일반 공격(성공: -6.00),-7.43,패배
308,틈새 공격(성공: 0.37) / 일반 공격(성공: -1.00) / 일반 공격(성공: -0.80) / 일반 공격(성공: -6.00),-7.43,패배
309,일반 공격(성공: 1.19) / 일반 공격(성공: -1.00) / 틈새 공격(성공: -1.64) / 일반 공격(성공: -6.00),-7.45,패배
310,일반 공격(성공: 1.06) / 틈새 공격(성공: -1.52) / 일반 공격(성공: -1.00) / 일반 공격(성공: -6.00),-7.45,패배
311,일반 공격(성공: 1.06) / 틈새 공격(성공: -1.51) / 일반 공격(성공: -1.00) / 일반 공격(성공: -6.00),-7.45,패배
312,일반 공격(성공: 1.06) / 일반 공격(성공: -1.00) / 틈새 공격(성공: -1.51) / 일반 공격(성공: -6.00),-7.46,패배
313,일반 공격(성공: 1.09) / 일반 공격(성공: -1.00) / 틈새 공격(성공: -1.55) / 일반 공격(성공: -6.00),-7.46,패배
314,일반 공격(성공: 1.00) / 틈새 공격(성공: -1.57) / 일반 공격(성공: -0.90) / 일반 공격(성공: -6.00),-7.47,패배
315,틈새 공격(성공: 0.37) / 일반 공격(성공: -0.85) / 일반 공격(성공: -1.00) / 일반 공격(성공: -6.00),-7.48,패배
316,일반 공격(성공: 1.00) / 틈새 공격(성공: -1.61) / 일반 공격(성공: -0.86) / 일반 공격(성공: -6.00),-7.48,패배
317,일반 공격(성공: 1.10) / 일반 공격(성공: -1.00) / 틈새 공격(성공: -1.57) / 일반 공격(성공: -6.00),-7.48,패배
318,일반 공격(성공: 1.05) / 틈새 공격(성공: -1.53) / 일반 공격(성공: -1.00) / 일반 공격(성공: -6.00),-7.48,패배
319,일반 공격(성공: 1.04) / 일반 공격(성공: -1.00) / 틈새 공격(성공: -1.53) / 일반 공격(성공: -6.00),-7.48,패배
320,일반 공격(성공: 1.00) / 틈새 공격(성공: -1.50) / 일반 공격(성공: -1.00) / 일반 공격(성공: -6.00),-7.5,패배
321,일반 공격(성공: 1.50) / 일반 공격(성공: -1.00) / 일반 공격(성공: -1.00) / 일반 공격(실패: -7.00),-7.5,패배
322,틈새 공격(성공: 0.50) / 일반 공격(성공: -1.00) / 일반 공격(성공: -1.00) / 일반 공격(성공: -6.00),-7.5,패배
323,일반 공격(성공: 1.00) / 일반 공격(성공: -1.00) / 틈새 공격(성공: -1.50) / 일반 공격(성공: -6.00),-7.5,패배
324,틈새 공격(성공: 0.36) / 일반 공격(성공: -1.00) / 일반 공격(성공: 1.13) / 일반 공격(성공: -1.00) / 일반 공격(실패: -7.00),-7.51,패배
325,틈새 공격(성공: 0.49) / 일반 공격(성공: -1.00) / 일반 공격(성공: -1.00) / 일반 공격(성공: -6.00),-7.51,패배
326,일반 공격(성공: 1.00) / 일반 공격(성공: -1.00) / 틈새 공격(성공: -1.51) / 일반 공격(성공: -6.00),-7.51,패배
327,일반 공격(성공: 1.49) / 일반 공격(성공: -1.00) / 일반 공격(성공: -1.00) / 일반 공격(실패: -7.00),-7.51,패배
328,일반 공격(성공: 1.03) / 틈새 공격(성공: -1.54) / 일반 공격(성공: -1.00) / 일반 공격(성공: -6.00),-7.51,패배
329,일반 공격(성공: 1.00) / 틈새 공격(성공: -1.51) / 일반 공격(성공: -1.00) / 일반 공격(성공: -6.00),-7.51,패배
330,일반 공격(성공: 1.48) / 일반 공격(성공: -1.00) / 일반 공격(성공: -1.00) / 일반 공격(실패: -7.00),-7.52,패배
331,일반 공격(성공: 1.00) / 일반 공격(성공: -1.00) / 틈새 공격(성공: -1.52) / 일반 공격(성공: -6.00),-7.52,패배
332,일반 공격(성공: 1.31) / 일반 공격(성공: -0.83) / 일반 공격(성공: -1.00) / 일반 공격(실패: -7.00),-7.52,패배
333,틈새 공격(성공: 0.48) / 일반 공격(성공: -1.00) / 일반 공격(성공: -1.00) / 일반 공격(성공: -6.00),-7.52,패배
334,틈새 공격(성공: 0.42) / 일반 공격(성공: -0.95) / 일반 공격(성공: -1.00) / 일반 공격(성공: -6.00),-7.52,패배
335,일반 공격(성공: 1.48) / 일반 공격(성공: -3.00) / 일반 공격(성공: -6.00),-7.52,패배
336,일반 공격(성공: 1.00) / 틈새 공격(성공: -1.52) / 일반 공격(성공: -1.00) / 일반 공격(성공: -6.00),-7.52,패배
337,일반 공격(성공: 1.00) / 틈새 공격(성공: -1.53) / 일반 공격(성공: -1.00) / 일반 공격(성공: -6.00),-7.53,패배
338,틈새 공격(성공: 0.47) / 일반 공격(성공: -1.00) / 일반 공격(성공: -1.00) / 일반 공격(성공: -6.00),-7.53,패배
339,일반 공격(성공: 1.01) / 틈새 공격(성공: -1.54) / 일반 공격(성공: -1.00) / 일반 공격(성공: -6.00),-7.53,패배
340,일반 공격(성공: 1.47) / 일반 공격(성공: -1.00) / 일반 공격(성공: -1.00) / 일반 공격(실패: -7.00),-7.53,패배
341,일반 공격(성공: 1.05) / 일반 공격(성공: -1.00) / 틈새 공격(성공: -1.58) / 일반 공격(성공: -6.00),-7.53,패배
342,일반 공격(성공: 1.00) / 일반 공격(성공: -1.00) / 틈새 공격(성공: -1.53) / 일반 공격(성공: -6.00),-7.53,패배
343,일반 공격(성공: 1.47) / 일반 공격(성공: 1.00) / 일반 공격(성공: -3.00) / 일반 공격(실패: -7.00),-7.53,패배
344,틈새 공격(성공: 0.46) / 일반 공격(성공: -1.00) / 일반 공격(성공: -1.00) / 일반 공격(성공: -6.00),-7.54,패배
345,일반 공격(성공: 1.00) / 일반 공격(성공: -1.00) / 틈새 공격(성공: -1.54) / 일반 공격(성공: -6.00),-7.54,패배
346,일반 공격(성공: 1.00) / 일반 공격(성공: -0.54) / 일반 공격(성공: -1.00) / 일반 공격(실패: -7.00),-7.54,패배
347,일반 공격(성공: 1.46) / 일반 공격(성공: -1.00) / 일반 공격(성공: -1.00) / 일반 공격(실패: -7.00),-7.54,패배
348,일반 공격(성공: 1.46) / 일반 공격(성공: -3.00) / 일반 공격(성공: -6.00),-7.54,패배
349,일반 공격(성공: 1.00) / 틈새 공격(성공: -1.54) / 일반 공격(성공: -1.00) / 일반 공격(성공: -6.00),-7.54,패배
350,일반 공격(성공: 1.00) / 일반 공격(성공: -2.55) / 일반 공격(성공: -6.00),-7.55,패배
351,일반 공격(성공: 1.45) / 일반 공격(성공: -1.00) / 일반 공격(성공: -1.00) / 일반 공격(실패: -7.00),-7.55,패배
352,일반 공격(성공: 1.00) / 일반 공격(성공: -1.00) / 틈새 공격(성공: -1.55) / 일반 공격(성공: -6.00),-7.55,패배
353,일반 공격(성공: 1.00) / 틈새 공격(성공: -1.55) / 일반 공격(성공: -1.00) / 일반 공격(성공: -6.00),-7.55,패배
354,틈새 공격(성공: 0.45) / 일반 공격(성공: -1.00) / 일반 공격(성공: -1.00) / 일반 공격(성공: -6.00),-7.55,패배
355,일반 공격(성공: 1.46) / 틈새 공격(성공: -1.52) / 틈새 공격(성공: -1.50) / 일반 공격(성공: -6.00),-7.56,패배
356,틈새 공격(성공: 0.44) / 일반 공격(성공: -1.00) / 일반 공격(성공: -1.00) / 일반 공격(성공: -6.00),-7.56,패배
357,일반 공격(성공: 1.00) / 일반 공격(성공: -1.00) / 틈새 공격(성공: -1.56) / 일반 공격(성공: -6.00),-7.56,패배
358,일반 공격(성공: 1.00) / 틈새 공격(성공: -1.56) / 일반 공격(성공: -1.00) / 일반 공격(성공: -6.00),-7.56,패배
359,일반 공격(성공: 1.44) / 일반 공격(성공: -3.00) / 일반 공격(성공: -6.00),-7.56,패배
360,일반 공격(성공: 1.00) / 틈새 공격(성공: -1.57) / 일반 공격(성공: -1.00) / 일반 공격(성공: -6.00),-7.57,패배
361,일반 공격(성공: 1.43) / 일반 공격(성공: -3.00) / 일반 공격(성공: -6.00),-7.57,패배
362,일반 공격(성공: 1.48) / 틈새 공격(성공: -1.51) / 틈새 공격(성공: -1.54) / 일반 공격(성공: -6.00),-7.57,패배
363,일반 공격(성공: 1.43) / 일반 공격(성공: -1.00) / 일반 공격(성공: -1.00) / 일반 공격(실패: -7.00),-7.57,패배
364,일반 공격(성공: 1.00) / 일반 공격(성공: -1.00) / 틈새 공격(성공: -1.57) / 일반 공격(성공: -6.00),-7.57,패배
365,일반 공격(성공: 1.42) / 일반 공격(성공: -3.00) / 일반 공격(성공: -6.00),-7.58,패배
366,일반 공격(성공: 1.00) / 일반 공격(성공: -1.00) / 틈새 공격(성공: -1.58) / 일반 공격(성공: -6.00),-7.58,패배
367,일반 공격(성공: 1.42) / 일반 공격(성공: -1.00) / 일반 공격(성공: -1.00) / 일반 공격(실패: -7.00),-7.58,패배
368,틈새 공격(성공: 0.42) / 일반 공격(성공: -1.00) / 일반 공격(성공: -1.00) / 일반 공격(성공: -6.00),-7.58,패배
369,일반 공격(성공: 1.00) / 틈새 공격(성공: -1.58) / 일반 공격(성공: -1.00) / 일반 공격(성공: -6.00),-7.58,패배
370,일반 공격(성공: 1.00) / 일반 공격(성공: -0.58) / 일반 공격(성공: -1.00) / 일반 공격(실패: -7.00),-7.58,패배
371,틈새 공격(성공: 0.40) / 일반 공격(성공: -0.98) / 일반 공격(성공: -1.00) / 일반 공격(성공: -6.00),-7.58,패배
372,일반 공격(성공: 1.00) / 일반 공격(성공: -1.00) / 틈새 공격(성공: -1.59) / 일반 공격(성공: -6.00),-7.59,패배
373,일반 공격(성공: 1.00) / 틈새 공격(성공: -1.59) / 일반 공격(성공: -1.00) / 일반 공격(성공: -6.00),-7.59,패배
374,일반 공격(성공: 1.41) / 일반 공격(성공: -1.00) / 일반 공격(성공: -1.00) / 일반 공격(실패: -7.00),-7.59,패배
375,일반 공격(성공: 1.41) / 일반 공격(성공: -3.00) / 일반 공격(성공: -6.00),-7.59,패배
376,틈새 공격(성공: 0.41) / 일반 공격(성공: -1.00) / 일반 공격(성공: -1.00) / 일반 공격(성공: -6.00),-7.59,패배
377,일반 공격(성공: 1.40) / 일반 공격(성공: -1.00) / 일반 공격(성공: -1.00) / 일반 공격(실패: -7.00),-7.6,패배
378,일반 공격(성공: 1.00) / 틈새 공격(성공: -1.60) / 일반 공격(성공: -1.00) / 일반 공격(성공: -6.00),-7.6,패배
379,틈새 공격(성공: 0.40) / 일반 공격(성공: -1.00) / 일반 공격(성공: -1.00) / 일반 공격(성공: -6.00),-7.6,패배
380,일반 공격(성공: 1.00) / 일반 공격(성공: -1.00) / 틈새 공격(성공: -1.60) / 일반 공격(성공: -6.00),-7.6,패배
381,일반 공격(성공: 1.39) / 일반 공격(성공: -1.00) / 일반 공격(성공: -1.00) / 일반 공격(실패: -7.00),-7.61,패배
382,일반 공격(성공: 1.00) / 일반 공격(성공: -1.00) / 틈새 공격(성공: -1.61) / 일반 공격(성공: -6.00),-7.61,패배
383,일반 공격(성공: 1.00) / 틈새 공격(성공: -1.61) / 일반 공격(성공: -1.00) / 일반 공격(성공: -6.00),-7.61,패배
384,틈새 공격(성공: 0.39) / 일반 공격(성공: -1.00) / 일반 공격(성공: -1.00) / 일반 공격(성공: -6.00),-7.61,패배
385,틈새 공격(성공: 0.38) / 일반 공격(성공: -1.00) / 일반 공격(성공: -1.00) / 일반 공격(성공: -6.00),-7.62,패배
386,일반 공격(성공: 1.00) / 틈새 공격(성공: -1.62) / 일반 공격(성공: -1.00) / 일반 공격(성공: -6.00),-7.62,패배
387,일반 공격(성공: 1.00) / 일반 공격(성공: -0.62) / 일반 공격(성공: -1.00) / 일반 공격(실패: -7.00),-7.62,패배
388,일반 공격(성공: 1.00) / 일반 공격(성공: -1.00) / 틈새 공격(성공: -1.62) / 일반 공격(성공: -6.00),-7.62,패배
389,일반 공격(성공: 1.38) / 일반 공격(성공: -1.00) / 일반 공격(성공: -1.00) / 일반 공격(실패: -7.00),-7.62,패배
390,일반 공격(성공: 1.00) / 일반 공격(성공: -1.00) / 틈새 공격(성공: -1.63) / 일반 공격(성공: -6.00),-7.63,패배
391,일반 공격(성공: 1.37) / 일반 공격(성공: -3.00) / 일반 공격(성공: -6.00),-7.63,패배
392,일반 공격(성공: 1.37) / 일반 공격(성공: -1.00) / 일반 공격(성공: -1.00) / 일반 공격(실패: -7.00),-7.63,패배
393,틈새 공격(성공: 0.37) / 일반 공격(성공: -1.00) / 일반 공격(성공: -1.00) / 일반 공격(성공: -6.00),-7.63,패배
394,일반 공격(성공: 1.00) / 틈새 공격(성공: -1.63) / 일반 공격(성공: -1.00) / 일반 공격(성공: -6.00),-7.63,패배
395,일반 공격(성공: 1.00) / 일반 공격(성공: -0.64) / 일반 공격(성공: -1.00) / 일반 공격(실패: -7.00),-7.64,패배
396,틈새 공격(성공: 0.36) / 일반 공격(성공: -1.00) / 일반 공격(성공: -1.00) / 일반 공격(성공: -6.00),-7.64,패배
397,일반 공격(성공: 1.00) / 틈새 공격(성공: -1.64) / 일반 공격(성공: -1.00) / 일반 공격(성공: -6.00),-7.64,패배
398,일반 공격(성공: 1.36) / 일반 공격(성공: -1.00) / 일반 공격(성공: -1.00) / 일반 공격(실패: -7.00),-7.64,패배
399,일반 공격(성공: 1.00) / 일반 공격(성공: -1.00) / 틈새 공격(성공: -1.64) / 일반 공격(성공: -6.00),-7.64,패배
400,일반 공격(성공: 1.00) / 틈새 공격(성공: -1.65) / 일반 공격(성공: -1.00) / 일반 공격(성공: -6.00),-7.65,패배
401,일반 공격(성공: 1.00) / 일반 공격(성공: -1.00) / 틈새 공격(성공: -1.65) / 일반 공격(성공: -6.00),-7.65,패배
402,틈새 공격(성공: 0.35) / 일반 공격(성공: -1.00) / 일반 공격(성공: -1.00) / 일반 공격(성공: -6.00),-7.65,패배
403,일반 공격(성공: 1.35) / 일반 공격(성공: -1.00) / 일반 공격(성공: -1.00) / 일반 공격(실패: -7.00),-7.65,패배
404,틈새 공격(성공: 0.34) / 일반 공격(성공: -1.00) / 일반 공격(성공: -1.00) / 일반 공격(성공: -6.00),-7.66,패배
405,일반 공격(성공: 1.00) / 일반 공격(성공: -1.00) / 틈새 공격(성공: -1.66) / 일반 공격(성공: -6.00),-7.66,패배
406,일반 공격(성공: 1.00) / 틈새 공격(성공: 0.34) / 일반 공격(성공: -1.00) / 일반 공격(성공: -1.00) / 일반 공격(실패: -7.00),-7.66,패배
407,일반 공격(성공: 1.34) / 일반 공격(성공: -3.00) / 일반 공격(성공: -6.00),-7.66,패배
408,일반 공격(성공: 1.34) / 일반 공격(성공: -1.00) / 일반 공격(성공: -1.00) / 일반 공격(실패: -7.00),-7.66,패배
409,일반 공격(성공: 1.33) / 일반 공격(성공: -1.00) / 일반 공격(성공: -1.00) / 일반 공격(실패: -7.00),-7.67,패배
410,틈새 공격(성공: 0.33) / 일반 공격(성공: -1.00) / 일반 공격(성공: -1.00) / 일반 공격(성공: -6.00),-7.67,패배
411,틈새 공격(성공: 0.41) / 틈새 공격(성공: -1.50) / 일반 공격(성공: -0.58) / 일반 공격(성공: -6.00),-7.67,패배
412,일반 공격(성공: 1.32) / 일반 공격(성공: -3.00) / 일반 공격(성공: -6.00),-7.68,패배
413,일반 공격(성공: 1.00) / 틈새 공격(성공: -1.68) / 일반 공격(성공: -1.00) / 일반 공격(성공: -6.00),-7.68,패배
414,일반 공격(성공: 1.32) / 일반 공격(성공: -1.00) / 일반 공격(성공: -1.00) / 일반 공격(실패: -7.00),-7.68,패배
415,일반 공격(성공: 1.00) / 일반 공격(성공: -1.00) / 틈새 공격(성공: -1.69) / 일반 공격(성공: -6.00),-7.69,패배
416,일반 공격(성공: 1.00) / 일반 공격(성공: -0.69) / 일반 공격(성공: -1.00) / 일반 공격(실패: -7.00),-7.69,패배
417,일반 공격(성공: 1.00) / 일반 공격(성공: -0.69) / 일반 공격(성공: -8.00),-7.69,패배
418,일반 공격(성공: 1.30) / 일반 공격(성공: -1.00) / 일반 공격(성공: -1.00) / 일반 공격(실패: -7.00),-7.7,패배
419,일반 공격(성공: 1.30) / 일반 공격(성공: -3.00) / 일반 공격(성공: -6.00),-7.7,패배
420,일반 공격(성공: 1.00) / 틈새 공격(성공: -1.70) / 일반 공격(성공: -1.00) / 일반 공격(성공: -6.00),-7.7,패배
421,일반 공격(성공: -1.00) / 틈새 공격(성공: -6.71),-7.71,패배
422,일반 공격(성공: 1.33) / 틈새 공격(성공: -1.52) / 틈새 공격(성공: -1.52) / 일반 공격(성공: -6.00),-7.71,패배
423,일반 공격(성공: 1.29) / 일반 공격(성공: -1.00) / 일반 공격(성공: -8.00),-7.71,패배
424,일반 공격(성공: 1.00) / 틈새 공격(성공: -1.71) / 일반 공격(성공: -1.00) / 일반 공격(성공: -6.00),-7.71,패배
425,일반 공격(성공: 1.29) / 일반 공격(성공: -1.00) / 일반 공격(성공: -1.00) / 일반 공격(실패: -7.00),-7.71,패배
426,일반 공격(성공: 1.28) / 일반 공격(성공: -1.00) / 일반 공격(성공: -1.00) / 일반 공격(실패: -7.00),-7.72,패배
427,일반 공격(성공: 1.00) / 틈새 공격(성공: -1.72) / 일반 공격(성공: -1.00) / 일반 공격(성공: -6.00),-7.72,패배
428,일반 공격(성공: 1.28) / 일반 공격(성공: -3.00) / 일반 공격(성공: -6.00),-7.72,패배
429,일반 공격(성공: 1.00) / 일반 공격(성공: -1.00) / 틈새 공격(성공: -1.72) / 일반 공격(성공: -6.00),-7.72,패배
430,일반 공격(성공: 1.00) / 일반 공격(성공: -2.73) / 일반 공격(성공: -6.00),-7.73,패배
431,틈새 공격(성공: 0.27) / 일반 공격(성공: -1.00) / 일반 공격(성공: -1.00) / 일반 공격(성공: -6.00),-7.73,패배
432,일반 공격(성공: 1.27) / 일반 공격(성공: -1.00) / 일반 공격(성공: -1.00) / 일반 공격(실패: -7.00),-7.73,패배
433,일반 공격(성공: 1.00) / 틈새 공격(성공: -1.60) / 틈새 공격(성공: -1.61) / 틈새 공격(성공: 0.48) / 일반 공격(성공: -6.00),-7.73,패배
434,일반 공격(성공: 1.00) / 틈새 공격(성공: -1.74) / 일반 공격(성공: -1.00) / 일반 공격(성공: -6.00),-7.74,패배
435,일반 공격(성공: 1.26) / 일반 공격(성공: -3.00) / 일반 공격(성공: -6.00),-7.74,패배
436,일반 공격(성공: 1.26) / 일반 공격(성공: -1.00) / 일반 공격(성공: -1.00) / 일반 공격(실패: -7.00),-7.74,패배
437,틈새 공격(성공: 0.25) / 일반 공격(성공: -1.00) / 일반 공격(성공: -1.00) / 일반 공격(성공: -6.00),-7.75,패배
438,일반 공격(성공: 1.00) / 틈새 공격(성공: -1.75) / 일반 공격(성공: -1.00) / 일반 공격(성공: -6.00),-7.75,패배
439,일반 공격(성공: 1.25) / 일반 공격(성공: -1.00) / 일반 공격(성공: -1.00) / 일반 공격(실패: -7.00),-7.75,패배
440,일반 공격(성공: 1.25) / 일반 공격(성공: -3.00) / 일반 공격(성공: -6.00),-7.75,패배
441,틈새 공격(성공: 0.24) / 일반 공격(성공: -1.00) / 일반 공격(성공: -1.00) / 일반 공격(성공: -6.00),-7.76,패배
442,일반 공격(성공: 1.00) / 일반 공격(성공: -2.77) / 일반 공격(성공: -6.00),-7.77,패배
443,일반 공격(성공: 1.23) / 일반 공격(성공: -1.00) / 일반 공격(성공: -1.00) / 일반 공격(실패: -7.00),-7.77,패배
444,일반 공격(성공: 1.00) / 틈새 공격(성공: -1.78) / 일반 공격(성공: -1.00) / 일반 공격(성공: -6.00),-7.78,패배
445,일반 공격(성공: 1.22) / 일반 공격(성공: -1.00) / 일반 공격(성공: -1.00) / 일반 공격(실패: -7.00),-7.78,패배
446,일반 공격(성공: 1.22) / 일반 공격(성공: -1.00) / 일반 공격(성공: -8.00),-7.78,패배
447,일반 공격(성공: 1.00) / 틈새 공격(성공: -1.79) / 일반 공격(성공: -1.00) / 일반 공격(성공: -6.00),-7.79,패배
448,일반 공격(성공: 1.21) / 일반 공격(성공: -3.00) / 일반 공격(성공: -6.00),-7.79,패배
449,일반 공격(성공: 1.21) / 일반 공격(성공: -1.00) / 일반 공격(성공: -1.00) / 일반 공격(실패: -7.00),-7.79,패배
450,일반 공격(성공: 1.20) / 일반 공격(성공: -1.00) / 일반 공격(성공: -1.00) / 일반 공격(실패: -7.00),-7.8,패배
451,일반 공격(성공: 1.00) / 틈새 공격(성공: -1.81) / 일반 공격(성공: -1.00) / 일반 공격(성공: -6.00),-7.81,패배
452,일반 공격(성공: 1.19) / 일반 공격(성공: -1.00) / 일반 공격(성공: -8.00),-7.81,패배
453,일반 공격(성공: 1.18) / 일반 공격(성공: -3.00) / 일반 공격(성공: -6.00),-7.82,패배
454,일반 공격(성공: 1.18) / 일반 공격(성공: -1.00) / 일반 공격(성공: -1.00) / 일반 공격(실패: -7.00),-7.82,패배
455,일반 공격(성공: 1.15) / 일반 공격(성공: -1.00) / 일반 공격(성공: -1.00) / 일반 공격(실패: -7.00),-7.85,패배
456,일반 공격(성공: 1.00) / 일반 공격(성공: -0.86) / 일반 공격(성공: -1.00) / 일반 공격(실패: -7.00),-7.86,패배
457,일반 공격(성공: 1.14) / 일반 공격(성공: -1.00) / 일반 공격(성공: -1.00) / 일반 공격(실패: -7.00),-7.86,패배
458,일반 공격(성공: 1.00) / 틈새 공격(성공: -1.86) / 일반 공격(성공: -1.00) / 일반 공격(성공: -6.00),-7.86,패배
459,일반 공격(성공: 1.13) / 일반 공격(성공: -1.00) / 일반 공격(성공: -1.00) / 일반 공격(실패: -7.00),-7.87,패배
460,일반 공격(성공: 1.12) / 일반 공격(성공: -1.00) / 일반 공격(성공: -8.00),-7.88,패배
461,일반 공격(성공: 1.12) / 일반 공격(성공: -1.00) / 일반 공격(성공: -1.00) / 일반 공격(실패: -7.00),-7.88,패배
462,일반 공격(성공: 1.11) / 일반 공격(성공: -1.00) / 일반 공격(성공: -1.00) / 일반 공격(실패: -7.00),-7.89,패배
463,일반 공격(성공: 1.11) / 일반 공격(성공: -1.00) / 일반 공격(성공: -8.00),-7.89,패배
464,일반 공격(성공: 1.11) / 일반 공격(성공: -3.00) / 일반 공격(성공: -6.00),-7.89,패배
465,일반 공격(성공: 1.00) / 틈새 공격(성공: -1.90) / 일반 공격(성공: -1.00) / 일반 공격(성공: -6.00),-7.9,패배
466,일반 공격(성공: 1.10) / 일반 공격(성공: -1.00) / 일반 공격(성공: -1.00) / 일반 공격(실패: -7.00),-7.9,패배
467,일반 공격(성공: 1.00) / 일반 공격(성공: -2.91) / 일반 공격(성공: -6.00),-7.91,패배
468,일반 공격(성공: 1.09) / 일반 공격(성공: -3.00) / 일반 공격(성공: -6.00),-7.91,패배
469,일반 공격(성공: 1.08) / 일반 공격(성공: -1.00) / 일반 공격(성공: -1.00) / 일반 공격(실패: -7.00),-7.92,패배
470,일반 공격(성공: 1.00) / 일반 공격(성공: -0.92) / 일반 공격(성공: -1.00) / 일반 공격(실패: -7.00),-7.92,패배
471,일반 공격(성공: 1.00) / 일반 공격(성공: -0.93) / 일반 공격(성공: -1.00) / 일반 공격(실패: -7.00),-7.93,패배
472,일반 공격(성공: 1.00) / 일반 공격(성공: -0.94) / 일반 공격(성공: -1.00) / 일반 공격(실패: -7.00),-7.94,패배
473,일반 공격(성공: 1.06) / 일반 공격(성공: -1.00) / 일반 공격(성공: -1.00) / 일반 공격(실패: -7.00),-7.94,패배
474,일반 공격(성공: 1.05) / 일반 공격(성공: -1.00) / 일반 공격(성공: -1.00) / 일반 공격(실패: -7.00),-7.95,패배
475,일반 공격(성공: 1.04) / 일반 공격(성공: -1.00) / 일반 공격(성공: -1.00) / 일반 공격(실패: -7.00),-7.96,패배
476,일반 공격(성공: 1.03) / 일반 공격(성공: -1.00) / 일반 공격(성공: -1.00) / 일반 공격(실패: -7.00),-7.97,패배
477,일반 공격(성공: 1.01) / 일반 공격(성공: -1.00) / 일반 공격(성공: -1.00) / 일반 공격(실패: -7.00),-7.99,패배
478,일반 공격(성공: -0.99) / 일반 공격(성공: -1.00) / 일반 공격(성공: -6.00),-7.99,패배
479,일반 공격(성공: 1.00) / 일반 공격(성공: -1.00) / 일반 공격(성공: -1.00) / 일반 공격(실패: -7.00),-8.0,패배
480,일반 공격(성공: -1.00) / 일반 공격(성공: -1.00) / 일반 공격(성공: -6.00),-8.0,패배
481,일반 공격(성공: 1.00) / 일반 공격(성공: -3.00) / 일반 공격(성공: -6.00),-8.0,패배
482,일반 공격(성공: 1.00) / 일반 공격(실패: -2.00) / 일반 공격(성공: -1.00) / 일반 공격(성공: -6.00),-8.0,패배
483,일반 공격(성공: -1.00) / 일반 공격(성공: -1.00) / 일반 공격(실패: 0.00) / 일반 공격(성공: -6.00),-8.0,패배
484,일반 공격(실패: -2.00) / 일반 공격(성공: -1.00) / 일반 공격(성공: 1.00) / 일반 공격(성공: -6.00),-8.0,패배
485,일반 공격(실패: 0.00) / 일반 공격(성공: -1.00) / 일반 공격(성공: -1.00) / 일반 공격(성공: -6.00),-8.0,패배
486,일반 공격(성공: 1.00) / 일반 공격(실패: -9.00),-8.0,패배
487,일반 공격(성공: 1.00) / 일반 공격(성공: -1.00) / 일반 공격(성공: -1.00) / 일반 공격(실패: 0.00) / 일반 공격(실패: -7.00),-8.0,패배
488,일반 공격(성공: 1.00) / 일반 공격(성공: -1.00) / 일반 공격(성공: -8.00),-8.0,패배
489,일반 공격(성공: 1.00) / 일반 공격(성공: -1.00) / 일반 공격(성공: 1.00) / 일반 공격(실패: -2.00) / 일반 공격(실패: -7.00),-8.0,패배
490,일반 공격(성공: 1.12) / 틈새 공격(성공: -1.52) / 일반 공격(성공: -1.00) / 틈새 공격(성공: -6.60),-8.01,패배
491,틈새 공격(성공: 0.37) / 일반 공격(성공: -0.79) / 일반 공격(실패: -2.00) / 일반 공격(성공: -5.60),-8.02,패배
492,틈새 공격(성공: 0.48) / 일반 공격(성공: -1.00) / 틈새 공격(성공: -1.51) / 일반 공격(성공: -6.00),-8.02,패배
493,일반 공격(성공: 1.00) / 틈새 공격(성공: -1.53) / 틈새 공격(성공: -1.51) / 일반 공격(성공: -6.00),-8.03,패배
494,틈새 공격(성공: 0.47) / 틈새 공격(성공: -1.50) / 일반 공격(성공: -1.00) / 일반 공격(성공: -6.00),-8.03,패배
495,틈새 공격(성공: 0.49) / 틈새 공격(성공: -1.52) / 일반 공격(성공: -1.00) / 일반 공격(성공: -6.00),-8.03,패배
496,일반 공격(성공: 1.00) / 틈새 공격(성공: -1.51) / 틈새 공격(성공: -1.52) / 일반 공격(성공: -6.00),-8.03,패배
497,틈새 공격(성공: 0.49) / 틈새 공격(성공: -1.53) / 일반 공격(성공: -1.00) / 일반 공격(성공: -6.00),-8.04,패배
498,틈새 공격(성공: 0.47) / 일반 공격(성공: -1.00) / 틈새 공격(성공: -1.52) / 일반 공격(성공: -6.00),-8.05,패배
499,틈새 공격(성공: 0.44) / 틈새 공격(성공: -1.50) / 일반 공격(성공: -1.00) / 일반 공격(성공: -6.00),-8.06,패배
500,일반 공격(성공: 1.00) / 일반 공격(성공: -1.00) / 틈새 공격(성공: -1.52) / 틈새 공격(성공: -6.55),-8.07,패배
501,일반 공격(성공: 1.00) / 틈새 공격(성공: -1.54) / 틈새 공격(성공: -1.57) / 일반 공격(성공: -6.00),-8.1,패배
502,틈새 공격(성공: 0.44) / 일반 공격(성공: -0.92) / 틈새 공격(성공: -1.62) / 일반 공격(성공: -6.00),-8.11,패배
503,일반 공격(성공: 1.44) / 틈새 공격(성공: -3.56) / 일반 공격(성공: -6.00),-8.12,패배
504,틈새 공격(성공: 0.38) / 틈새 공격(성공: -1.50) / 일반 공격(성공: -1.00) / 일반 공격(성공: -6.00),-8.12,패배
505,일반 공격(성공: 1.00) / 틈새 공격(성공: -1.50) / 틈새 공격(성공: -1.62) / 일반 공격(성공: -6.00),-8.12,패배
506,틈새 공격(성공: 0.45) / 틈새 공격(성공: -1.58) / 일반 공격(성공: -1.00) / 일반 공격(성공: -6.00),-8.13,패배
507,틈새 공격(성공: 0.39) / 틈새 공격(성공: -1.52) / 일반 공격(성공: -1.00) / 일반 공격(성공: -6.00),-8.13,패배
508,틈새 공격(성공: 0.49) / 틈새 공격(성공: -1.62) / 일반 공격(성공: -1.00) / 일반 공격(성공: -6.00),-8.13,패배
509,틈새 공격(성공: 0.43) / 일반 공격(성공: -1.00) / 틈새 공격(성공: -1.56) / 일반 공격(성공: -6.00),-8.13,패배
510,틈새 공격(성공: 0.49) / 틈새 공격(성공: -1.61) / 일반 공격(성공: -1.00) / 일반 공격(성공: -6.00),-8.13,패배
511,틈새 공격(성공: 0.38) / 틈새 공격(성공: -1.50) / 일반 공격(성공: -1.00) / 일반 공격(성공: -6.00),-8.13,패배
512,틈새 공격(성공: 0.37) / 일반 공격(성공: -1.00) / 틈새 공격(성공: -1.50) / 일반 공격(성공: -6.00),-8.14,패배
513,틈새 공격(성공: 0.37) / 일반 공격(성공: -1.00) / 틈새 공격(성공: -1.51) / 일반 공격(성공: -6.00),-8.14,패배
514,일반 공격(성공: 1.00) / 틈새 공격(성공: -1.52) / 일반 공격(성공: -1.00) / 틈새 공격(성공: -6.63),-8.15,패배
515,틈새 공격(성공: 0.38) / 틈새 공격(성공: -1.53) / 일반 공격(성공: -1.00) / 일반 공격(성공: -6.00),-8.15,패배
516,틈새 공격(성공: 0.37) / 틈새 공격(성공: -1.54) / 일반 공격(성공: -1.00) / 일반 공격(성공: -6.00),-8.16,패배
517,일반 공격(성공: 1.00) / 틈새 공격(성공: -1.51) / 일반 공격(성공: -1.00) / 틈새 공격(성공: -6.65),-8.16,패배
518,틈새 공격(성공: 0.39) / 일반 공격(성공: -1.00) / 틈새 공격(성공: -1.55) / 일반 공격(성공: -6.00),-8.16,패배
519,틈새 공격(성공: 0.42) / 일반 공격(성공: -1.00) / 일반 공격(성공: -1.00) / 틈새 공격(성공: -6.58),-8.16,패배
520,틈새 공격(성공: 0.37) / 틈새 공격(성공: -1.54) / 일반 공격(성공: -1.00) / 일반 공격(성공: -6.00),-8.17,패배
521,틈새 공격(성공: 0.43) / 일반 공격(성공: -1.00) / 틈새 공격(성공: -1.62) / 일반 공격(성공: -6.00),-8.2,패배
522,일반 공격(성공: 1.00) / 틈새 공격(성공: -1.68) / 틈새 공격(성공: -1.54) / 일반 공격(성공: -6.00),-8.22,패배
523,틈새 공격(성공: 0.29) / 틈새 공격(성공: -1.53) / 일반 공격(성공: -1.00) / 일반 공격(성공: -6.00),-8.24,패배
524,틈새 공격(성공: 0.37) / 일반 공격(성공: -1.00) / 일반 공격(성공: -1.00) / 틈새 공격(성공: -6.62),-8.25,패배
525,틈새 공격(성공: 0.36) / 틈새 공격(성공: -1.62) / 일반 공격(성공: -1.00) / 일반 공격(성공: -6.00),-8.25,패배
526,일반 공격(성공: 1.00) / 틈새 공격(성공: -1.64) / 일반 공격(성공: -1.00) / 틈새 공격(성공: -6.61),-8.25,패배
527,틈새 공격(성공: 0.25) / 틈새 공격(성공: -1.61) / 일반 공격(성공: -1.00) / 일반 공격(성공: -6.00),-8.36,패배
528,일반 공격(성공: -1.00) / 틈새 공격(성공: -1.63) / 일반 공격(성공: -5.75),-8.38,패배
529,일반 공격(성공: 1.31) / 틈새 공격(성공: -1.80) / 일반 공격(성공: -1.00) / 일반 공격(실패: -7.00),-8.49,패배
530,틈새 공격(실패: -0.50) / 일반 공격(성공: -1.00) / 일반 공격(성공: -1.00) / 일반 공격(성공: -6.00),-8.5,패배
531,일반 공격(성공: 1.00) / 틈새 공격(성공: -3.50) / 일반 공격(성공: -6.00),-8.5,패배
532,일반 공격(실패: -1.68) / 일반 공격(성공: -1.00) / 일반 공격(성공: -5.83),-8.5,패배
533,틈새 공격(성공: 0.50) / 일반 공격(성공: -1.00) / 일반 공격(성공: -8.00),-8.5,패배
534,일반 공격(성공: 1.00) / 틈새 공격(성공: -1.51) / 일반 공격(성공: -8.00),-8.51,패배
535,일반 공격(성공: 1.00) / 틈새 공격(성공: -3.51) / 일반 공격(성공: -6.00),-8.51,패배
536,일반 공격(성공: -1.00) / 틈새 공격(성공: -1.51) / 일반 공격(성공: -6.00),-8.51,패배
537,일반 공격(성공: 1.00) / 틈새 공격(성공: -1.52) / 일반 공격(성공: -8.00),-8.52,패배
538,틈새 공격(성공: 0.48) / 일반 공격(성공: -3.00) / 일반 공격(성공: -6.00),-8.52,패배
539,틈새 공격(성공: 0.47) / 일반 공격(성공: -1.00) / 일반 공격(성공: -8.00),-8.53,패배
540,일반 공격(성공: 1.00) / 틈새 공격(성공: -1.53) / 일반 공격(성공: -8.00),-8.53,패배
541,일반 공격(성공: -1.00) / 틈새 공격(성공: -1.53) / 일반 공격(성공: -6.00),-8.53,패배
542,일반 공격(성공: -1.00) / 틈새 공격(성공: -1.54) / 일반 공격(성공: -6.00),-8.54,패배
543,일반 공격(성공: 1.00) / 일반 공격(실패: -3.54) / 일반 공격(성공: -6.00),-8.54,패배
544,틈새 공격(성공: 0.46) / 일반 공격(성공: -3.00) / 일반 공격(성공: -6.00),-8.54,패배
545,틈새 공격(성공: 0.43) / 일반 공격(성공: -1.00) / 일반 공격(성공: -7.99),-8.56,패배
546,일반 공격(성공: -1.00) / 틈새 공격(성공: -1.57) / 일반 공격(성공: -6.00),-8.57,패배
547,일반 공격(성공: -0.57) / 일반 공격(성공: -1.00) / 일반 공격(실패: -7.00),-8.57,패배
548,틈새 공격(성공: 0.42) / 일반 공격(실패: -2.00) / 일반 공격(성공: -1.00) / 일반 공격(성공: -6.00),-8.58,패배
549,일반 공격(성공: -1.00) / 틈새 공격(성공: -1.58) / 일반 공격(성공: -6.00),-8.58,패배
550,일반 공격(성공: 1.00) / 틈새 공격(성공: -3.58) / 일반 공격(성공: -6.00),-8.58,패배
551,틈새 공격(성공: 0.41) / 일반 공격(성공: -1.00) / 일반 공격(성공: -8.00),-8.59,패배
552,틈새 공격(성공: 0.41) / 일반 공격(성공: -3.00) / 일반 공격(성공: -6.00),-8.59,패배
553,일반 공격(성공: 1.00) / 틈새 공격(성공: -1.60) / 일반 공격(성공: -8.00),-8.6,패배
554,틈새 공격(성공: 0.46) / 틈새 공격(성공: -1.55) / 틈새 공격(성공: -1.51) / 일반 공격(성공: -6.00),-8.6,패배
555,일반 공격(성공: -1.00) / 틈새 공격(성공: -1.61) / 일반 공격(성공: -6.00),-8.61,패배
556,일반 공격(성공: 1.00) / 일반 공격(성공: -3.00) / 틈새 공격(성공: -6.61),-8.61,패배
557,일반 공격(성공: 1.00) / 틈새 공격(성공: -1.61) / 일반 공격(성공: -8.00),-8.61,패배
558,틈새 공격(성공: 0.39) / 일반 공격(성공: -1.00) / 일반 공격(성공: -8.00),-8.61,패배
559,틈새 공격(성공: 0.38) / 일반 공격(성공: -1.00) / 일반 공격(성공: -8.00),-8.62,패배
560,일반 공격(성공: 1.00) / 틈새 공격(성공: -3.62) / 일반 공격(성공: -6.00),-8.62,패배
561,일반 공격(성공: -1.00) / 틈새 공격(성공: -1.62) / 일반 공격(성공: -6.00),-8.62,패배
562,일반 공격(성공: 1.37) / 일반 공격(성공: -1.00) / 일반 공격(실패: -9.00),-8.63,패배
563,일반 공격(성공: 1.00) / 일반 공격(성공: -3.00) / 틈새 공격(성공: -6.63),-8.63,패배
564,틈새 공격(성공: 0.37) / 일반 공격(성공: -3.00) / 일반 공격(성공: -6.00),-8.63,패배
565,일반 공격(성공: 1.00) / 틈새 공격(성공: -1.64) / 일반 공격(성공: -8.00),-8.64,패배
566,틈새 공격(성공: 0.36) / 일반 공격(성공: -1.00) / 일반 공격(성공: -8.00),-8.64,패배
567,일반 공격(실패: 0.00) / 일반 공격(성공: -1.00) / 일반 공격(성공: -1.00) / 틈새 공격(성공: -6.65),-8.65,패배
568,일반 공격(성공: -1.00) / 틈새 공격(성공: -1.65) / 일반 공격(성공: -6.00),-8.65,패배
569,일반 공격(성공: 1.00) / 틈새 공격(성공: -1.61) / 틈새 공격(성공: -1.53) / 틈새 공격(성공: -6.52),-8.65,패배
570,일반 공격(성공: 1.00) / 틈새 공격(성공: -1.65) / 일반 공격(성공: -1.00) / 일반 공격(실패: -7.00),-8.65,패배
571,일반 공격(성공: 1.00) / 일반 공격(실패: -3.65) / 일반 공격(성공: -6.00),-8.65,패배
572,일반 공격(성공: -1.00) / 틈새 공격(성공: -1.66) / 일반 공격(성공: -6.00),-8.66,패배
573,일반 공격(성공: 1.00) / 일반 공격(실패: -3.67) / 일반 공격(성공: -6.00),-8.67,패배
574,틈새 공격(성공: 0.37) / 틈새 공격(성공: -1.50) / 일반 공격(성공: -1.00) / 틈새 공격(성공: -6.54),-8.67,패배
575,일반 공격(성공: 1.00) / 일반 공격(성공: -3.00) / 틈새 공격(성공: -6.68),-8.68,패배
576,일반 공격(성공: 1.31) / 일반 공격(성공: -10.00),-8.69,패배
577,틈새 공격(성공: 0.31) / 일반 공격(성공: -3.00) / 일반 공격(성공: -6.00),-8.69,패배
578,일반 공격(성공: 1.41) / 틈새 공격(성공: -1.58) / 틈새 공격(성공: -8.53),-8.7,패배
579,틈새 공격(성공: 0.30) / 일반 공격(성공: -3.00) / 일반 공격(성공: -6.00),-8.7,패배
580,일반 공격(성공: 1.29) / 일반 공격(성공: -1.00) / 일반 공격(실패: -9.00),-8.71,패배
581,일반 공격(성공: 1.00) / 일반 공격(실패: -3.72) / 일반 공격(성공: -6.00),-8.72,패배
582,일반 공격(성공: 1.21) / 일반 공격(실패: -4.00) / 일반 공격(성공: -6.00),-8.79,패배
583,일반 공격(성공: 1.00) / 틈새 공격(성공: -1.79) / 일반 공격(성공: -8.00),-8.79,패배
584,틈새 공격(성공: 0.35) / 틈새 공격(성공: -1.60) / 일반 공격(성공: -1.00) / 틈새 공격(성공: -6.59),-8.83,패배
585,일반 공격(실패: 0.16) / 일반 공격(성공: -3.00) / 일반 공격(성공: -6.00),-8.84,패배
586,일반 공격(성공: 1.14) / 일반 공격(실패: -4.00) / 일반 공격(성공: -6.00),-8.86,패배
587,일반 공격(성공: 1.11) / 일반 공격(실패: -4.00) / 일반 공격(성공: -6.00),-8.89,패배
588,일반 공격(성공: 1.10) / 일반 공격(성공: -1.00) / 일반 공격(실패: -9.00),-8.9,패배
589,일반 공격(성공: 1.00) / 일반 공격(실패: -4.00) / 일반 공격(성공: -5.92),-8.92,패배
590,일반 공격(실패: -2.00) / 일반 공격(성공: -0.94) / 일반 공격(성공: -6.00),-8.94,패배
591,일반 공격(성공: 1.04) / 일반 공격(실패: -4.00) / 일반 공격(성공: -6.00),-8.96,패배
592,일반 공격(실패: -2.00) / 일반 공격(성공: -1.00) / 일반 공격(성공: -6.00),-9.0,패배
593,일반 공격(성공: 1.00) / 일반 공격(성공: -1.00) / 일반 공격(실패: -9.00),-9.0,패배
594,일반 공격(성공: 1.00) / 일반 공격(실패: -2.00) / 일반 공격(성공: -8.00),-9.0,패배
595,일반 공격(성공: -1.00) / 일반 공격(성공: -8.00),-9.0,패배
596,일반 공격(실패: 0.00) / 일반 공격(성공: -3.00) / 일반 공격(성공: -6.00),-9.0,패배
597,일반 공격(성공: 1.00) / 일반 공격(실패: -4.00) / 일반 공격(성공: -6.00),-9.0,패배
598,일반 공격(성공: 1.00) / 일반 공격(성공: -10.00),-9.0,패배
599,일반 공격(성공: 1.00) / 일반 공격(성공: -0.50) / 틈새 공격(실패: -2.50) / 일반 공격(실패: -7.00),-9.0,패배
600,일반 공격(성공: 1.00) / 일반 공격(성공: 1.00) / 일반 공격(성공: -3.00) / 일반 공격(성공: -8.00),-9.0,패배
601,일반 공격(성공: 1.00) / 틈새 공격(성공: -1.52) / 일반 공격(성공: -1.00) / 틈새 공격(실패: -7.50),-9.02,패배
602,일반 공격(성공: 1.48) / 일반 공격(실패: -4.00) / 틈새 공격(성공: -6.50),-9.02,패배
603,일반 공격(성공: -1.00) / 틈새 공격(성공: -1.51) / 틈새 공격(성공: -6.54),-9.05,패배
604,일반 공격(성공: 1.00) / 틈새 공격(성공: -1.55) / 일반 공격(성공: -1.00) / 틈새 공격(실패: -7.50),-9.05,패배
605,틈새 공격(실패: -0.50) / 일반 공격(성공: -1.00) / 틈새 공격(성공: -1.59) / 일반 공격(성공: -6.00),-9.09,패배
606,틈새 공격(성공: 0.41) / 일반 공격(성공: -1.00) / 일반 공격(성공: -1.00) / 틈새 공격(실패: -7.50),-9.09,패배
607,틈새 공격(성공: 0.40) / 일반 공격(성공: -1.00) / 틈새 공격(실패: -2.50) / 일반 공격(성공: -6.00),-9.1,패배
608,틈새 공격(성공: 0.42) / 일반 공격(성공: -1.00) / 틈새 공격(성공: -8.52),-9.1,패배
609,일반 공격(성공: 1.00) / 틈새 공격(성공: -1.62) / 일반 공격(성공: -1.00) / 틈새 공격(실패: -7.50),-9.12,패배
610,틈새 공격(성공: 0.38) / 일반 공격(성공: -1.00) / 일반 공격(성공: -1.00) / 틈새 공격(실패: -7.50),-9.12,패배
611,틈새 공격(성공: 0.37) / 틈새 공격(성공: -3.55) / 일반 공격(성공: -6.00),-9.17,패배
612,일반 공격(성공: -1.00) / 틈새 공격(성공: -1.66) / 틈새 공격(성공: -6.51),-9.17,패배
613,일반 공격(성공: -1.00) / 틈새 공격(성공: -1.61) / 틈새 공격(성공: -6.57),-9.18,패배
614,틈새 공격(성공: 0.37) / 틈새 공격(성공: -1.56) / 일반 공격(성공: -8.00),-9.19,패배
615,일반 공격(성공: 1.00) / 틈새 공격(성공: -1.69) / 일반 공격(성공: -1.00) / 틈새 공격(실패: -7.50),-9.19,패배
616,틈새 공격(성공: 0.43) / 일반 공격(성공: -1.00) / 틈새 공격(성공: -8.63),-9.2,패배
617,일반 공격(성공: 1.28) / 일반 공격(성공: -1.00) / 틈새 공격(실패: -9.50),-9.22,패배
618,틈새 공격(실패: -0.50) / 일반 공격(성공: -1.00) / 틈새 공격(성공: -1.73) / 일반 공격(성공: -6.00),-9.23,패배
619,틈새 공격(성공: 0.48) / 일반 공격(성공: -1.00) / 틈새 공격(성공: -8.72),-9.24,패배
620,일반 공격(성공: 1.17) / 일반 공격(실패: -4.00) / 틈새 공격(성공: -6.50),-9.34,패배
621,틈새 공격(성공: 0.38) / 일반 공격(성공: -0.73) / 일반 공격(실패: -9.00),-9.35,패배
622,일반 공격(성공: 1.09) / 일반 공격(실패: -4.00) / 틈새 공격(성공: -6.51),-9.41,패배
623,일반 공격(성공: 1.00) / 일반 공격(성공: -3.00) / 틈새 공격(실패: -7.50),-9.5,패배
624,일반 공격(성공: 1.00) / 일반 공격(성공: -1.00) / 틈새 공격(실패: -2.50) / 일반 공격(실패: -7.00),-9.5,패배
625,틈새 공격(실패: -0.50) / 일반 공격(성공: -3.00) / 일반 공격(성공: -6.00),-9.5,패배
626,틈새 공격(실패: -0.50) / 일반 공격(성공: -1.00) / 일반 공격(성공: -8.00),-9.5,패배
627,일반 공격(성공: 1.00) / 틈새 공격(실패: -2.50) / 일반 공격(성공: -1.00) / 일반 공격(실패: -7.00),-9.5,패배
628,틈새 공격(성공: 0.38) / 일반 공격(실패: -1.76) / 틈새 공격(성공: -1.53) / 틈새 공격(성공: -6.60),-9.51,패배
629,틈새 공격(성공: 0.48) / 일반 공격(실패: -4.00) / 일반 공격(성공: -6.00),-9.52,패배
630,틈새 공격(성공: 0.49) / 틈새 공격(성공: -1.51) / 일반 공격(성공: -1.00) / 일반 공격(성공: -7.50),-9.52,패배
631,틈새 공격(성공: 0.47) / 일반 공격(성공: -1.00) / 일반 공격(실패: -9.00),-9.53,패배
632,일반 공격(성공: 1.00) / 틈새 공격(성공: -1.53) / 일반 공격(실패: -9.00),-9.53,패배
633,일반 공격(성공: 1.14) / 틈새 공격(성공: -1.64) / 틈새 공격(성공: -1.54) / 일반 공격(성공: -7.50),-9.54,패배
634,일반 공격(실패: -2.00) / 틈새 공격(성공: -1.54) / 일반 공격(성공: -6.00),-9.54,패배
635,일반 공격(성공: 1.00) / 일반 공격(실패: -4.00) / 틈새 공격(성공: -6.54),-9.54,패배
636,틈새 공격(성공: 0.46) / 일반 공격(실패: -4.00) / 일반 공격(성공: -6.00),-9.54,패배
637,틈새 공격(성공: 0.45) / 일반 공격(실패: -4.00) / 일반 공격(성공: -6.00),-9.55,패배
638,일반 공격(실패: -2.00) / 틈새 공격(성공: -1.55) / 일반 공격(성공: -6.00),-9.55,패배
639,틈새 공격(성공: 0.43) / 일반 공격(실패: -4.00) / 일반 공격(성공: -6.00),-9.57,패배
640,일반 공격(실패: -2.00) / 일반 공격(성공: -1.00) / 틈새 공격(성공: -6.59),-9.59,패배
641,일반 공격(성공: -1.00) / 일반 공격(실패: -8.60),-9.6,패배
642,일반 공격(성공: 1.00) / 일반 공격(실패: -4.00) / 틈새 공격(성공: -6.60),-9.6,패배
643,틈새 공격(성공: 0.39) / 일반 공격(성공: -10.00),-9.61,패배
644,틈새 공격(성공: 0.39) / 일반 공격(성공: -1.00) / 일반 공격(실패: -9.00),-9.61,패배
645,일반 공격(성공: 1.00) / 일반 공격(실패: -4.00) / 틈새 공격(성공: -6.61),-9.61,패배
646,틈새 공격(성공: 0.37) / 일반 공격(성공: -1.00) / 일반 공격(실패: -9.00),-9.63,패배
647,일반 공격(성공: 1.00) / 일반 공격(실패: -4.00) / 틈새 공격(성공: -6.68),-9.68,패배
648,일반 공격(성공: 1.00) / 틈새 공격(성공: -1.69) / 일반 공격(실패: -9.00),-9.69,패배
649,일반 공격(실패: -2.00) / 틈새 공격(성공: -1.69) / 일반 공격(성공: -6.00),-9.69,패배
650,일반 공격(성공: -1.00) / 일반 공격(실패: -8.72),-9.72,패배
651,일반 공격(실패: -1.52) / 틈새 공격(성공: -1.52) / 틈새 공격(성공: -6.71),-9.75,패배
652,일반 공격(성공: 1.23) / 일반 공격(실패: -11.00),-9.77,패배
653,일반 공격(성공: 1.22) / 일반 공격(실패: -11.00),-9.78,패배
654,일반 공격(성공: 1.21) / 일반 공격(실패: -11.00),-9.79,패배
655,일반 공격(성공: 1.18) / 일반 공격(실패: -11.00),-9.82,패배
656,일반 공격(성공: 1.00) / 일반 공격(실패: -4.00) / 틈새 공격(성공: -6.83),-9.83,패배
657,일반 공격(성공: 1.11) / 일반 공격(실패: -11.00),-9.89,패배
658,일반 공격(성공: -1.00) / 일반 공격(실패: -9.00),-10.0,패배
659,일반 공격(실패: -4.00) / 일반 공격(성공: -6.00),-10.0,패배
660,일반 공격(성공: 1.00) / 일반 공격(실패: -11.00),-10.0,패배
661,틈새 공격(성공: 0.47) / 일반 공격(성공: -3.00) / 일반 공격(성공: -7.50),-10.03,패배
662,일반 공격(성공: 1.00) / 틈새 공격(성공: -1.53) / 일반 공격(성공: -1.00) / 일반 공격(실패: -8.50),-10.03,패배
663,일반 공격(성공: 1.00) / 틈새 공격(성공: -1.53) / 틈새 공격(실패: -9.50),-10.03,패배
664,일반 공격(성공: 1.44) / 일반 공격(성공: -1.00) / 일반 공격(실패: -10.50),-10.06,패배
665,일반 공격(성공: 1.43) / 일반 공격(성공: -1.00) / 일반 공격(실패: -10.50),-10.07,패배
666,일반 공격(실패: -2.00) / 틈새 공격(성공: -1.57) / 틈새 공격(성공: -6.53),-10.1,패배
667,틈새 공격(성공: 0.38) / 일반 공격(성공: -3.00) / 일반 공격(성공: -7.50),-10.12,패배
668,일반 공격(성공: -1.00) / 틈새 공격(성공: -1.66) / 일반 공격(성공: -7.50),-10.16,패배
669,틈새 공격(성공: 0.42) / 일반 공격(실패: -4.00) / 틈새 공격(성공: -6.59),-10.17,패배
670,일반 공격(성공: 1.00) / 일반 공격(실패: -1.69) / 일반 공격(성공: -9.50),-10.19,패배
671,틈새 공격(성공: 0.41) / 일반 공격(실패: -4.00) / 틈새 공격(성공: -6.66),-10.24,패배
672,일반 공격(성공: 1.10) / 일반 공격(성공: -1.00) / 일반 공격(실패: -10.50),-10.4,패배
673,일반 공격(성공: 1.00) / 일반 공격(성공: -1.00) / 일반 공격(실패: -10.50),-10.5,패배
674,일반 공격(성공: -1.00) / 일반 공격(성공: -1.00) / 일반 공격(실패: -8.50),-10.5,패배
675,일반 공격(성공: 1.00) / 일반 공격(성공: -3.00) / 일반 공격(실패: -8.50),-10.5,패배
676,일반 공격(실패: 0.00) / 일반 공격(성공: -3.00) / 일반 공격(성공: -7.50),-10.5,패배
677,일반 공격(실패: -2.00) / 일반 공격(성공: -1.00) / 일반 공격(성공: -7.50),-10.5,패배
678,일반 공격(실패: -2.00) / 일반 공격(성공: -1.00) / 틈새 공격(실패: -7.50),-10.5,패배
679,일반 공격(성공: 1.00) / 틈새 공격(성공: -1.59) / 일반 공격(성공: -1.00) / 틈새 공격(실패: -9.00),-10.59,패배
680,일반 공격(실패: -4.00) / 틈새 공격(성공: -6.59),-10.59,패배
681,틈새 공격(성공: 0.39) / 일반 공격(실패: -11.00),-10.61,패배
682,일반 공격(성공: 1.00) / 틈새 공격(성공: -1.68) / 일반 공격(성공: -1.00) / 틈새 공격(실패: -9.00),-10.68,패배
683,틈새 공격(성공: 0.27) / 일반 공격(실패: -11.00),-10.73,패배
684,일반 공격(실패: -2.00) / 일반 공격(실패: -8.80),-10.8,패배
685,일반 공격(실패: -2.00) / 틈새 공격(성공: -1.53) / 틈새 공격(실패: -7.50),-11.03,패배
686,틈새 공격(성공: 0.48) / 일반 공격(성공: -3.00) / 틈새 공격(실패: -9.00),-11.52,패배
687,틈새 공격(성공: 0.50) / 일반 공격(실패: -4.00) / 일반 공격(성공: -10.50),-14.0,패배
688,일반 공격(성공: -1.00) / 틈새 공격(성공: -1.51) / 일반 공격(실패: -11.50),-14.01,패배
689,틈새 공격(성공: 0.43) / 일반 공격(성공: -1.00) / 일반 공격(실패: -13.50),-14.07,패배
690,틈새 공격(성공: 0.40) / 일반 공격(성공: -1.00) / 일반 공격(실패: -13.50),-14.1,패배
691,틈새 공격(성공: 0.39) / 일반 공격(성공: -1.00) / 일반 공격(실패: -13.50),-14.11,패배
692,일반 공격(성공: 1.00) / 틈새 공격(성공: -1.72) / 일반 공격(실패: -13.50),-14.22,패배
693,일반 공격(실패: -1.81) / 일반 공격(성공: -1.00) / 일반 공격(실패: -11.50),-14.31,패배
694,일반 공격(성공: -1.00) / 일반 공격(실패: -13.50),-14.5,패배
695,일반 공격(성공: 1.00) / 일반 공격(실패: -4.00) / 일반 공격(실패: -11.50),-14.5,패배
696,일반 공격(실패: -4.00) / 일반 공격(성공: -10.50),-14.5,패배
697,틈새 공격(성공: 0.48) / 틈새 공격(성공: -1.54) / 일반 공격(실패: -16.50),-17.56,패배
698,일반 공격(실패: -2.00) / 일반 공격(실패: -16.50),-18.5,패배
